,cust_id,gender
0,3500,0.6981418999945873
1,3501,0.198966301990419
2,3502,0.213387874976832
3,3503,0.3225557244059577
4,3504,0.4234595854543453
5,3505,0.285415057157671
6,3506,0.05585439197936822
7,3507,0.6034079769925097
8,3508,0.3250378659136374
9,3509,0.12729737839801256
10,3510,0.17973377847317845
11,3511,0.4539803908350111
12,3512,0.4250325166024885
13,3513,0.1362900971925189
14,3514,0.6206456613803129
15,3515,0.17867714270670784
16,3516,0.17253832310913353
17,3517,0.18738723908581448
18,3518,0.28640207992183925
19,3519,0.5057085298644481
20,3520,0.7210944911073228
21,3521,0.4611765378874707
22,3522,0.5194424111719704
23,3523,0.14742944018222554
24,3524,0.15664592712870964
25,3525,0.5370166087593105
26,3526,0.2594550099739672
27,3527,0.7373698878756914
28,3528,0.513231924637195
29,3529,0.2890065399164707
30,3530,0.16173932077288658
31,3531,0.7218247342397645
32,3532,0.08807256261618397
33,3533,0.26069262829426176
34,3534,0.5805813189013941
35,3535,0.20257138503124889
36,3536,0.3079081711009044
37,3537,0.6111321171959633
38,3538,0.447561176062961
39,3539,0.46238087594179755
40,3540,0.12744977785793132
41,3541,0.19455779697582357
42,3542,0.21346374821308606
43,3543,0.6244910986462997
44,3544,0.3166300687216944
45,3545,0.3409773459144934
46,3546,0.3135903010439027
47,3547,0.16996462757037786
48,3548,0.633166502290462
49,3549,0.22963953805442172
50,3550,0.3445467546371664
51,3551,0.4785259123295553
52,3552,0.251314950939077
53,3553,0.2626495880680544
54,3554,0.24930590729419996
55,3555,0.19913885817629964
56,3556,0.4873277809989509
57,3557,0.31930059712254627
58,3558,0.1663343211241052
59,3559,0.36529376446647943
60,3560,0.5031587099999456
61,3561,0.46107531389274087
62,3562,0.2967348124493782
63,3563,0.22723377106756087
64,3564,0.700527073284848
65,3565,0.41349279465071576
66,3566,0.07224129458956659
67,3567,0.39172215522400955
68,3568,0.47633405934686035
69,3569,0.3382093228806449
70,3570,0.1888382984507674
71,3571,0.3507560625143053
72,3572,0.6138039831287693
73,3573,0.5540947290959188
74,3574,0.33858838137555763
75,3575,0.5926370057056489
76,3576,0.5804807315716054
77,3577,0.3225472543630152
78,3578,0.20105511905275014
79,3579,0.29754885693833755
80,3580,0.5646249273305919
81,3581,0.5390097555300664
82,3582,0.6468010844318147
83,3583,0.5167620561567149
84,3584,0.216538804050479
85,3585,0.3618989221462816
86,3586,0.06044080029951051
87,3587,0.19568033204773969
88,3588,0.21970074916382873
89,3589,0.2591700453739331
90,3590,0.6147164861707368
91,3591,0.38095430712556244
92,3592,0.6593095550358918
93,3593,0.22066114826782687
94,3594,0.11635477403524513
95,3595,0.4171822698952019
96,3596,0.20882579529149492
97,3597,0.14295317325738688
98,3598,0.32375636880871905
99,3599,0.5763222373854281
100,3600,0.3843677197347553
101,3601,0.2875929833583033
102,3602,0.3662882087355516
103,3603,0.10718236376189445
104,3604,0.7650189333438168
105,3605,0.3314933825364386
106,3606,0.3815726786777458
107,3607,0.2673034910051557
108,3608,0.25742493998661814
109,3609,0.21810343564327903
110,3610,0.2922151497460583
111,3611,0.4805377925092624
112,3612,0.5826089944533641
113,3613,0.16483796716240492
114,3614,0.38682788496545706
115,3615,0.1113058099835517
116,3616,0.4685335189277209
117,3617,0.5553933842305844
118,3618,0.6251461895837377
119,3619,0.08547604139942679
120,3620,0.26910509403522054
121,3621,0.43852347712565853
122,3622,0.19292432391586617
123,3623,0.5818363549777742
124,3624,0.11278586316331515
125,3625,0.4218545816781024
126,3626,0.5441449333727632
127,3627,0.2794038275837707
128,3628,0.5964334052400005
129,3629,0.3010995092022739
130,3630,0.5847297288772852
131,3631,0.39212244994148165
132,3632,0.6089669282374042
133,3633,0.13483846268684893
134,3634,0.17040567755581465
135,3635,0.41833313757317
136,3636,0.4118576702982547
137,3637,0.16157886484096332
138,3638,0.5935518167906918
139,3639,0.6468150767075774
140,3640,0.5317905116760294
141,3641,0.36216407555582436
142,3642,0.6985291570476528
143,3643,0.13547976186399277
144,3644,0.225364311591103
145,3645,0.24788630450715926
146,3646,0.24391795482558978
147,3647,0.28614318809236344
148,3648,0.6464226125425577
149,3649,0.30003020186674806
150,3650,0.3067745028075431
151,3651,0.5322398419487665
152,3652,0.6869649976868051
153,3653,0.3639961644178139
154,3654,0.32965217608960684
155,3655,0.32006652618586207
156,3656,0.3747678634273631
157,3657,0.4467952133547111
158,3658,0.19014232725903804
159,3659,0.18391085200325183
160,3660,0.3673991558993869
161,3661,0.48066834033859795
162,3662,0.12646833240698127
163,3663,0.5604064909251699
164,3664,0.42628986872170194
165,3665,0.6202352903675129
166,3666,0.5626199313466004
167,3667,0.15942131473550922
168,3668,0.18054080312764223
169,3669,0.6210755666061901
170,3670,0.08172841320191718
171,3671,0.5717239644829835
172,3672,0.0771202397898274
173,3673,0.356209418392708
174,3674,0.33564102309290483
175,3675,0.4485311712437692
176,3676,0.17148427232012703
177,3677,0.3124993624005905
178,3678,0.29394667042400646
179,3679,0.1433061032872646
180,3680,0.15727216347776213
181,3681,0.49618461958998517
182,3682,0.5868548620409465
183,3683,0.17198157021750632
184,3684,0.3779795965350212
185,3685,0.621027111839623
186,3686,0.3203019222643184
187,3687,0.4620926976182566
188,3688,0.10892130882500389
189,3689,0.5922123831194733
190,3690,0.6251048299466883
191,3691,0.08434172862881872
192,3692,0.46377793234022135
193,3693,0.161195284939732
194,3694,0.42674749496120107
195,3695,0.6725968634144305
196,3696,0.5289705030714524
197,3697,0.6368914811644699
198,3698,0.1453144097052391
199,3699,0.321600861958552
200,3700,0.17524494378571295
201,3701,0.06240230759833308
202,3702,0.24612632902011544
203,3703,0.49825161954053493
204,3704,0.7022934631487794
205,3705,0.40479259673313805
206,3706,0.24852992775559657
207,3707,0.14474029622773843
208,3708,0.17422573181886208
209,3709,0.13117406692993655
210,3710,0.1797712669701755
211,3711,0.21561960212723466
212,3712,0.5019561370340778
213,3713,0.1748033082938806
214,3714,0.20385261419472048
215,3715,0.1982808315491035
216,3716,0.15128508501031399
217,3717,0.259487646229951
218,3718,0.08055042583216952
219,3719,0.26004088916755663
220,3720,0.39073876580431255
221,3721,0.5380942774565817
222,3722,0.09189735156572527
223,3723,0.44727028277313813
224,3724,0.3586506876868137
225,3725,0.32137925101605835
226,3726,0.4691664679695192
227,3727,0.6822663592060549
228,3728,0.3178703757048409
229,3729,0.5947918471062567
230,3730,0.37444564107891126
231,3731,0.41669425126499066
232,3732,0.48019668594259585
233,3733,0.6968167454158622
234,3734,0.08808966185685968
235,3735,0.28094497061200224
236,3736,0.3920663997545185
237,3737,0.6137080188810846
238,3738,0.1962818990911583
239,3739,0.4874877619165461
240,3740,0.517437160437538
241,3741,0.6531914486810974
242,3742,0.2288614182623701
243,3743,0.1345978985121486
244,3744,0.23257303335369678
245,3745,0.22696823461711035
246,3746,0.35914514208829246
247,3747,0.07902130341770898
248,3748,0.1638470333222836
249,3749,0.5436499903217243
250,3750,0.23725835462914724
251,3751,0.5531302190554204
252,3752,0.1397909597205371
253,3753,0.5803361230590942
254,3754,0.222849511853448
255,3755,0.5698898306775575
256,3756,0.5774196982831591
257,3757,0.13647537933624593
258,3758,0.29691236639573665
259,3759,0.29956311053852697
260,3760,0.30415060119374604
261,3761,0.5678360908451581
262,3762,0.21386260524561085
263,3763,0.14106120630138907
264,3764,0.5268766713122677
265,3765,0.05100486752350542
266,3766,0.44633375135613246
267,3767,0.7297813299286542
268,3768,0.7554920727165122
269,3769,0.6067070986858616
270,3770,0.6191859449085862
271,3771,0.08496993523648544
272,3772,0.5784300372591097
273,3773,0.4771136989091858
274,3774,0.21428859760226046
275,3775,0.6487068482211169
276,3776,0.6436017419195242
277,3777,0.6529527247508048
278,3778,0.24331692118263135
279,3779,0.13106967750788176
280,3780,0.3313171647644811
281,3781,0.3053403678614191
282,3782,0.4012132676948721
283,3783,0.23533337400873564
284,3784,0.30302666002618645
285,3785,0.5499289183357351
286,3786,0.17388063535079268
287,3787,0.6687715489220002
288,3788,0.3307224727908521
289,3789,0.39711694990255186
290,3790,0.25497706950234766
291,3791,0.23446355466810162
292,3792,0.49631930723510076
293,3793,0.6188647174688666
294,3794,0.21303565042973577
295,3795,0.5370311150870097
296,3796,0.07788820023892849
297,3797,0.5736263923487301
298,3798,0.4426262531369656
299,3799,0.2632271782030037
300,3800,0.13570307766199718
301,3801,0.19477076179442357
302,3802,0.2901608807735998
303,3803,0.2733835443468977
304,3804,0.22024436528060964
305,3805,0.35448100103795244
306,3806,0.6328400477857444
307,3807,0.09694316268833678
308,3808,0.47570690793598136
309,3809,0.2610422848022079
310,3810,0.271668531590249
311,3811,0.5696435447833997
312,3812,0.3025122202208454
313,3813,0.5224812171505736
314,3814,0.3251368449059075
315,3815,0.5465139329093904
316,3816,0.30845929134532213
317,3817,0.08468530206202718
318,3818,0.32594434589356686
319,3819,0.11681365956544133
320,3820,0.5639489313899083
321,3821,0.5706621824957604
322,3822,0.22452895729423436
323,3823,0.13148576788747343
324,3824,0.21395626118366823
325,3825,0.4900676151971686
326,3826,0.14998728597477448
327,3827,0.1963063551597592
328,3828,0.10512402321391091
329,3829,0.7449973400773033
330,3830,0.6834546788830366
331,3831,0.13080602987835357
332,3832,0.19795248107481395
333,3833,0.11190161977241371
334,3834,0.4557552545331939
335,3835,0.24841553481057513
336,3836,0.0981432815691086
337,3837,0.22579209297797107
338,3838,0.6083707239193532
339,3839,0.5570716951107105
340,3840,0.7027393437547427
341,3841,0.18977010770914174
342,3842,0.12712926813817785
343,3843,0.34079923450529986
344,3844,0.5790114999745755
345,3845,0.2442755723303638
346,3846,0.05193291142456994
347,3847,0.17029691013283285
348,3848,0.15426273748259847
349,3849,0.6286734476014071
350,3850,0.10782735528186217
351,3851,0.20287844652726955
352,3852,0.7296343260789663
353,3853,0.3016754412356112
354,3854,0.2218090677505185
355,3855,0.20655036852772196
356,3856,0.35270568400591473
357,3857,0.14315163626894456
358,3858,0.3745817889976888
359,3859,0.41345412174030427
360,3860,0.5898475353695253
361,3861,0.24097787805009788
362,3862,0.29681145017789134
363,3863,0.5989991735237
364,3864,0.5992937886176255
365,3865,0.6125033201431461
366,3866,0.31491580976650285
367,3867,0.3959378723207135
368,3868,0.3918869398236897
369,3869,0.7026347495197388
370,3870,0.34269439468914475
371,3871,0.36558569225258297
372,3872,0.5444575893336737
373,3873,0.14657392857480775
374,3874,0.2118202073933738
375,3875,0.09026054291402645
376,3876,0.45842818990384115
377,3877,0.24969845150737177
378,3878,0.5808108243612474
379,3879,0.5618089809724579
380,3880,0.3641533770159435
381,3881,0.22173881950263322
382,3882,0.22195530023483423
383,3883,0.2771350828348287
384,3884,0.15327608627701877
385,3885,0.6363393048234359
386,3886,0.49479189398050366
387,3887,0.6329365386836736
388,3888,0.3737444254040551
389,3889,0.23411180284794816
390,3890,0.5753659751685175
391,3891,0.25875963617296016
392,3892,0.08993660374211215
393,3893,0.10821487813137647
394,3894,0.10534518227285704
395,3895,0.12557967485471738
396,3896,0.1564063952999572
397,3897,0.11454191682309253
398,3898,0.5644918656343894
399,3899,0.2239490065295373
400,3900,0.5788321656240866
401,3901,0.7552028940012835
402,3902,0.3252967578018066
403,3903,0.15800689038292406
404,3904,0.22968017499650273
405,3905,0.33567816833854075
406,3906,0.5916661821809813
407,3907,0.07180565335247566
408,3908,0.18027249784447968
409,3909,0.6295623911920839
410,3910,0.22675051468469246
411,3911,0.08268600607897675
412,3912,0.514548134906738
413,3913,0.650907663406897
414,3914,0.516093116196584
415,3915,0.1561666210490241
416,3916,0.4173458025890244
417,3917,0.589755563891555
418,3918,0.5502446094622871
419,3919,0.42593756907222724
420,3920,0.74113592799054
421,3921,0.20335050552022338
422,3922,0.22754444204300725
423,3923,0.5725356133444757
424,3924,0.441947362404523
425,3925,0.4158678877164498
426,3926,0.375598934334849
427,3927,0.24091125439906522
428,3928,0.3763121770167841
429,3929,0.5929953306992511
430,3930,0.7191486744296414
431,3931,0.1887194481886894
432,3932,0.5035564862361205
433,3933,0.4834617313909715
434,3934,0.17478840919438446
435,3935,0.4526726957378989
436,3936,0.12784653960132464
437,3937,0.27730064037621777
438,3938,0.5905541823920969
439,3939,0.30581911154919583
440,3940,0.46461467293702347
441,3941,0.2051311653205567
442,3942,0.14209114247539625
443,3943,0.2585991238346641
444,3944,0.15088970550030248
445,3945,0.4862311448146524
446,3946,0.19218396516745873
447,3947,0.05977386992374571
448,3948,0.5177180486537664
449,3949,0.5577540014748891
450,3950,0.2713552626113171
451,3951,0.22188374241158934
452,3952,0.24116911916593345
453,3953,0.7514157976782334
454,3954,0.6291675149084155
455,3955,0.6932430660161202
456,3956,0.2786835036959251
457,3957,0.13227221736910555
458,3958,0.350814732333877
459,3959,0.31898112682708923
460,3960,0.6235781406477939
461,3961,0.6718586061187996
462,3962,0.5748651738085503
463,3963,0.06552088211391877
464,3964,0.4040313993476377
465,3965,0.5271230321858605
466,3966,0.07278237167950036
467,3967,0.2556354688937329
468,3968,0.5895070308619538
469,3969,0.3642730335202788
470,3970,0.4907640626962164
471,3971,0.09169102329518122
472,3972,0.4963971610286756
473,3973,0.6982149761664387
474,3974,0.4895012658954407
475,3975,0.5382071495464383
476,3976,0.41024215037610423
477,3977,0.31598047495029036
478,3978,0.49653224299699217
479,3979,0.7609125560930693
480,3980,0.21236043377669664
481,3981,0.140508153181705
482,3982,0.46330547396581867
483,3983,0.2562112659214851
484,3984,0.21571072735603122
485,3985,0.04727061854260697
486,3986,0.07753280809378404
487,3987,0.3680960375507899
488,3988,0.18808094184748014
489,3989,0.5431669981986719
490,3990,0.2054113781564872
491,3991,0.3195062098127434
492,3992,0.09259560273336948
493,3993,0.3420133191238094
494,3994,0.3000940002680194
495,3995,0.12636608955931944
496,3996,0.6050104401674715
497,3997,0.3537966430195252
498,3998,0.621435448520999
499,3999,0.6847390472657351
500,4000,0.2108585718780239
501,4001,0.20255602350857216
502,4002,0.6338236407921523
503,4003,0.10127000207462127
504,4004,0.19068033949284835
505,4005,0.22750264590041225
506,4006,0.5189847551717577
507,4007,0.44624316845459583
508,4008,0.47485257691336774
509,4009,0.2137807817411522
510,4010,0.24501841539996566
511,4011,0.3321408356288619
512,4012,0.3996726220486136
513,4013,0.5557070705364798
514,4014,0.1715646731259638
515,4015,0.4767029795419208
516,4016,0.21134745052679374
517,4017,0.597391086902486
518,4018,0.45075244256920605
519,4019,0.6578683536704594
520,4020,0.1343509352728231
521,4021,0.789517018588078
522,4022,0.5817466431148287
523,4023,0.1362100444516278
524,4024,0.46410525200678965
525,4025,0.5925490810892275
526,4026,0.7383583047336365
527,4027,0.5207003645715061
528,4028,0.3575590971982513
529,4029,0.15935763048755075
530,4030,0.10057738740250241
531,4031,0.15506615878086646
532,4032,0.25339196541905723
533,4033,0.35355917346823007
534,4034,0.5916595753622135
535,4035,0.3014164685257039
536,4036,0.32950711587816306
537,4037,0.2474900238760095
538,4038,0.14740169894632693
539,4039,0.09480129317776247
540,4040,0.7025559040123952
541,4041,0.2598418092468059
542,4042,0.10440157100615167
543,4043,0.16625645837837416
544,4044,0.29370242033124255
545,4045,0.5419919647989492
546,4046,0.3249133404959019
547,4047,0.07535278688125675
548,4048,0.5861905135015117
549,4049,0.5522787332987185
550,4050,0.04944321140418516
551,4051,0.27137351423808725
552,4052,0.16190601753831899
553,4053,0.1691220648745677
554,4054,0.2837332920937366
555,4055,0.536215077112118
556,4056,0.5501932781713881
557,4057,0.2119621957542769
558,4058,0.41532424405076085
559,4059,0.6828546904752681
560,4060,0.1939520881742494
561,4061,0.6474989265307749
562,4062,0.34156844246496926
563,4063,0.1348178063398915
564,4064,0.4774971562280717
565,4065,0.6677257545207679
566,4066,0.4759479369832342
567,4067,0.20967720916342994
568,4068,0.09891701917321014
569,4069,0.31816781742032546
570,4070,0.28664576252042917
571,4071,0.3980974281081574
572,4072,0.3676090514358779
573,4073,0.10106670234544148
574,4074,0.25637109077056464
575,4075,0.3794503689813896
576,4076,0.5531808895868991
577,4077,0.6616122417861984
578,4078,0.5721103381775181
579,4079,0.5293793720326748
580,4080,0.4553624885369383
581,4081,0.28086291670891317
582,4082,0.45542579990227317
583,4083,0.25493285228371887
584,4084,0.584097746884816
585,4085,0.5109707342311001
586,4086,0.3708005784420982
587,4087,0.4156801301358925
588,4088,0.17760070053730675
589,4089,0.21894019333036363
590,4090,0.7449617637358706
591,4091,0.5142711966220573
592,4092,0.4565213037913986
593,4093,0.5529029583012792
594,4094,0.5007667399589443
595,4095,0.1895407066061406
596,4096,0.4143516964806981
597,4097,0.6870967892970803
598,4098,0.2327863879718244
599,4099,0.5838174909964913
600,4100,0.5323457919288547
601,4101,0.34633851069211763
602,4102,0.2970569974840012
603,4103,0.19366195692833707
604,4104,0.23388242526258785
605,4105,0.5107605596965321
606,4106,0.09777371376517408
607,4107,0.27936377655854955
608,4108,0.3626911665515482
609,4109,0.2149151588595121
610,4110,0.2612979770360708
611,4111,0.383265956342119
612,4112,0.1717798918794074
613,4113,0.2841523331189883
614,4114,0.4447571700186202
615,4115,0.6635581325416567
616,4116,0.49985774383893034
617,4117,0.7266426119943192
618,4118,0.2744439350282615
619,4119,0.5474368874983381
620,4120,0.33912986853759564
621,4121,0.6966483554388703
622,4122,0.3644677823119836
623,4123,0.2068043440642728
624,4124,0.7616993177139434
625,4125,0.3260187305373471
626,4126,0.23557555793977683
627,4127,0.08974595649039104
628,4128,0.4133384548929696
629,4129,0.2984549611995333
630,4130,0.5679245066506243
631,4131,0.4690648576242443
632,4132,0.20585255555368698
633,4133,0.2037503309550666
634,4134,0.3811814350560111
635,4135,0.3070686306545369
636,4136,0.44084977256945407
637,4137,0.1933731847598456
638,4138,0.5137983767766461
639,4139,0.25596896490855503
640,4140,0.4474981427085762
641,4141,0.2513952101816924
642,4142,0.09056995737672582
643,4143,0.11025038859490668
644,4144,0.682191625411147
645,4145,0.6715971887862138
646,4146,0.09006736610574942
647,4147,0.5577356424313019
648,4148,0.511926379843306
649,4149,0.47698361962464675
650,4150,0.2252868402819722
651,4151,0.4409449004772444
652,4152,0.6127660640860643
653,4153,0.5853284580323219
654,4154,0.2348315127066042
655,4155,0.18354808264483297
656,4156,0.10304166932609995
657,4157,0.1651758974859685
658,4158,0.3445340622254219
659,4159,0.17686127151336622
660,4160,0.39806936535550036
661,4161,0.43874898193264045
662,4162,0.5704135339634387
663,4163,0.2693167468011502
664,4164,0.4833456835543307
665,4165,0.26548328975491564
666,4166,0.26634714560126405
667,4167,0.5594019499987768
668,4168,0.43142974476091017
669,4169,0.32883059110508106
670,4170,0.1455069949094519
671,4171,0.5127501772692947
672,4172,0.2022726849158772
673,4173,0.5455027612060395
674,4174,0.5987735313722772
675,4175,0.19574469309626977
676,4176,0.3385446160843301
677,4177,0.13518238385458464
678,4178,0.22795041234488334
679,4179,0.07788734707018227
680,4180,0.16591106790828575
681,4181,0.10977160890654476
682,4182,0.42409491247938963
683,4183,0.1604123643335424
684,4184,0.13556413599554498
685,4185,0.03652234741876026
686,4186,0.5111522146584694
687,4187,0.12114027733096638
688,4188,0.5887462721084913
689,4189,0.39759573889200284
690,4190,0.09222414700245156
691,4191,0.35925159288028147
692,4192,0.5605947887376785
693,4193,0.5011548661507403
694,4194,0.6414549986971835
695,4195,0.5775415480876194
696,4196,0.502857265599306
697,4197,0.3156838315088766
698,4198,0.29009632146662656
699,4199,0.19742487378760767
700,4200,0.7409355088490045
701,4201,0.6254713785616325
702,4202,0.320061805816633
703,4203,0.5486690496643615
704,4204,0.4458185907148331
705,4205,0.12853698535072833
706,4206,0.6861199242590746
707,4207,0.4669364668363332
708,4208,0.1377655396696098
709,4209,0.3148564762311948
710,4210,0.2804776877164299
711,4211,0.556537307592457
712,4212,0.5568689583165107
713,4213,0.31977581100144514
714,4214,0.3851169693036244
715,4215,0.2968519903824355
716,4216,0.1795692867131352
717,4217,0.14891853824525367
718,4218,0.3781915404000655
719,4219,0.5197411159118972
720,4220,0.49008454363219
721,4221,0.6983590621908506
722,4222,0.6932298549294279
723,4223,0.3340066716019331
724,4224,0.060509685860638165
725,4225,0.2199526425131927
726,4226,0.3988657041505614
727,4227,0.32614738783053987
728,4228,0.28200977186472626
729,4229,0.5204740535080065
730,4230,0.3746938113381581
731,4231,0.1731054869794494
732,4232,0.5573410885832722
733,4233,0.3846365330100967
734,4234,0.3649303918832621
735,4235,0.5029074309009555
736,4236,0.2865501491217992
737,4237,0.6033197117227012
738,4238,0.5682668104520199
739,4239,0.35432485349379916
740,4240,0.10520822285919636
741,4241,0.22626719183778476
742,4242,0.40653819913601
743,4243,0.20399374162377634
744,4244,0.1839776213438123
745,4245,0.41559660593280573
746,4246,0.6105534627339048
747,4247,0.6861696236157757
748,4248,0.1376103112710176
749,4249,0.508110525259613
750,4250,0.09243095606917084
751,4251,0.35141472556072834
752,4252,0.18169086148223895
753,4253,0.2545858642056901
754,4254,0.19910487400592716
755,4255,0.439988420315796
756,4256,0.10639879929242603
757,4257,0.3906104467022324
758,4258,0.4720123466458221
759,4259,0.6753338146614084
760,4260,0.3196447394046796
761,4261,0.3428389322433357
762,4262,0.1697918277377921
763,4263,0.6902013992822157
764,4264,0.36908635570537107
765,4265,0.15883614330424992
766,4266,0.7828545571189415
767,4267,0.4436462167965209
768,4268,0.12778270101558925
769,4269,0.39277824677212764
770,4270,0.22697202857976112
771,4271,0.5928895261847756
772,4272,0.0856495679246977
773,4273,0.6220023958035572
774,4274,0.5709863390748469
775,4275,0.2874993687608092
776,4276,0.4579890314607363
777,4277,0.5610824534515417
778,4278,0.4247738274197067
779,4279,0.7100795314707468
780,4280,0.3740444521723433
781,4281,0.6384217663307633
782,4282,0.2883263480430793
783,4283,0.4252240575152067
784,4284,0.6616229094108246
785,4285,0.5345382493869397
786,4286,0.39953251116605915
787,4287,0.511633142442624
788,4288,0.41487553178262015
789,4289,0.5518546486674476
790,4290,0.1993185175740605
791,4291,0.20303970257902657
792,4292,0.470377731511188
793,4293,0.39858408427676484
794,4294,0.1390639068897522
795,4295,0.16415899111639748
796,4296,0.4356006408242669
797,4297,0.14370023563869033
798,4298,0.33105255358607727
799,4299,0.49556118802101223
800,4300,0.18150749924739243
801,4301,0.12864417919315344
802,4302,0.11740696336416882
803,4303,0.46728518295036864
804,4304,0.4985433344319139
805,4305,0.5195330693399486
806,4306,0.38232394351845245
807,4307,0.055068918196698326
808,4308,0.14286761062189174
809,4309,0.1565298963742639
810,4310,0.17269794798212398
811,4311,0.47222931109803146
812,4312,0.3698365549922582
813,4313,0.4885037066752368
814,4314,0.3197440396615235
815,4315,0.3063367468006
816,4316,0.34854583744131173
817,4317,0.3699383962366548
818,4318,0.22079003630693603
819,4319,0.5244424261444134
820,4320,0.28070914925048174
821,4321,0.10446192601136052
822,4322,0.21167696094218533
823,4323,0.2558509369368367
824,4324,0.37554299753818254
825,4325,0.51681114087093
826,4326,0.40299757115211643
827,4327,0.6510419267815217
828,4328,0.2672772587847154
829,4329,0.12560761694343928
830,4330,0.5681527451392749
831,4331,0.22467883335580577
832,4332,0.5676214017441623
833,4333,0.48657484686390645
834,4334,0.2163677924724999
835,4335,0.08814939466251412
836,4336,0.5601030533396267
837,4337,0.27326545960493887
838,4338,0.3255835276064846
839,4339,0.1291329940399794
840,4340,0.21764449394480723
841,4341,0.5252394305065097
842,4342,0.5329773678677969
843,4343,0.056359892529549975
844,4344,0.2388912589414857
845,4345,0.043198397982008606
846,4346,0.09968079329711384
847,4347,0.2382876579467499
848,4348,0.39658328919417213
849,4349,0.5717493076139294
850,4350,0.44746726407808957
851,4351,0.1460620727985979
852,4352,0.41014638822188415
853,4353,0.5068966053410929
854,4354,0.2806971342833654
855,4355,0.15226261936921168
856,4356,0.5907152349827779
857,4357,0.39841086606003784
858,4358,0.4429078958745038
859,4359,0.48151942170164946
860,4360,0.500373399002757
861,4361,0.5755484320464832
862,4362,0.33971459460979747
863,4363,0.5389482146766778
864,4364,0.13105908640521546
865,4365,0.24868126569603277
866,4366,0.11787578901429736
867,4367,0.6540738201748059
868,4368,0.17843749426268915
869,4369,0.4240770082289961
870,4370,0.15970877332967662
871,4371,0.5576514025172866
872,4372,0.5924855625457072
873,4373,0.4903924828001794
874,4374,0.4889159703033218
875,4375,0.6304865425277908
876,4376,0.5196994128527869
877,4377,0.10715269252111877
878,4378,0.3528676516469748
879,4379,0.31226099450746664
880,4380,0.3070871105434726
881,4381,0.5104273506049125
882,4382,0.3891944083481434
883,4383,0.6491955449841597
884,4384,0.39630823448390784
885,4385,0.3271652694931275
886,4386,0.17103355797888134
887,4387,0.5521330868880423
888,4388,0.5515188285110935
889,4389,0.5327387171754179
890,4390,0.7159774066349878
891,4391,0.38113531466010786
892,4392,0.5247585671660665
893,4393,0.1075129772027723
894,4394,0.5634551364877136
895,4395,0.6537113856776642
896,4396,0.4104314925627135
897,4397,0.1499587732824018
898,4398,0.5551622989628876
899,4399,0.0617272733753005
900,4400,0.27521975907159296
901,4401,0.2585089580477822
902,4402,0.31635135776143436
903,4403,0.13394184482063567
904,4404,0.2640486101384418
905,4405,0.6647927239194839
906,4406,0.2899078252068252
907,4407,0.7124573193495745
908,4408,0.623496589936222
909,4409,0.4916839782444404
910,4410,0.5674798604016751
911,4411,0.4545071560989339
912,4412,0.07475119804337757
913,4413,0.2717231787663628
914,4414,0.4688209682248175
915,4415,0.22065713697662917
916,4416,0.6223942371382853
917,4417,0.2316352812704461
918,4418,0.33890301901171815
919,4419,0.27277784698903407
920,4420,0.6287078444123543
921,4421,0.5597893612114009
922,4422,0.5724037972938686
923,4423,0.29806215141704456
924,4424,0.5691088139793685
925,4425,0.08167004085443907
926,4426,0.4801869248123717
927,4427,0.28927715810100013
928,4428,0.4169520968129643
929,4429,0.39712690095788356
930,4430,0.4131520371324257
931,4431,0.46122714705765433
932,4432,0.3595549439375159
933,4433,0.16456799145081016
934,4434,0.2614291258964338
935,4435,0.30315317343874065
936,4436,0.2010706323932541
937,4437,0.11192229978190374
938,4438,0.21101583709393235
939,4439,0.5771242789246657
940,4440,0.27013062656708975
941,4441,0.07543898529298923
942,4442,0.1609974673658166
943,4443,0.13762333193364595
944,4444,0.6667517580805802
945,4445,0.3510549309232823
946,4446,0.34999591444951356
947,4447,0.3370763613120199
948,4448,0.24381538373928763
949,4449,0.09690226200244138
950,4450,0.08239782677984639
951,4451,0.3959348755945267
952,4452,0.6218630420847585
953,4453,0.1988156978330501
954,4454,0.5300314086710576
955,4455,0.6161409612564193
956,4456,0.3802022772023437
957,4457,0.11385857095439486
958,4458,0.0881588346583515
959,4459,0.14657649737064704
960,4460,0.32530196731873334
961,4461,0.2833270204887027
962,4462,0.47774443938133665
963,4463,0.46582077669093636
964,4464,0.20776877004837113
965,4465,0.5460748867352692
966,4466,0.39039039348744775
967,4467,0.27174555692715924
968,4468,0.628570196888172
969,4469,0.5805628166839745
970,4470,0.11538669445419358
971,4471,0.3605423056915857
972,4472,0.7181821419510087
973,4473,0.32258360036296313
974,4474,0.11944964944608111
975,4475,0.5549672048578133
976,4476,0.16338917966161948
977,4477,0.35801767359358605
978,4478,0.5761299683354841
979,4479,0.3908886099259103
980,4480,0.34595649822601254
981,4481,0.15330234782580218
982,4482,0.307066571415942
983,4483,0.17112276022564316
984,4484,0.5198239109808768
985,4485,0.1635475519316499
986,4486,0.38975608882865226
987,4487,0.3940929103638469
988,4488,0.20892742001769754
989,4489,0.20702078857591957
990,4490,0.24378091176342945
991,4491,0.17861203260367947
992,4492,0.5298052856101177
993,4493,0.6604706684398448
994,4494,0.17771677099120511
995,4495,0.4984532884236986
996,4496,0.19543512297776755
997,4497,0.6872781325486474
998,4498,0.5268209389155731
999,4499,0.5659489807120256
1000,4500,0.5242115624864466
1001,4501,0.15119359308745461
1002,4502,0.1762173535516885
1003,4503,0.4454749848131227
1004,4504,0.3035575789948736
1005,4505,0.6483174608141405
1006,4506,0.6377814382948024
1007,4507,0.08478825757189035
1008,4508,0.19989251338581085
1009,4509,0.14580206373695848
1010,4510,0.18929272013782578
1011,4511,0.24736418880312666
1012,4512,0.6611318998962575
1013,4513,0.09128444966021679
1014,4514,0.2670282043124829
1015,4515,0.35556641650966614
1016,4516,0.3098323188644936
1017,4517,0.24273971310974102
1018,4518,0.7393900027977276
1019,4519,0.37670669369160914
1020,4520,0.4745577569302449
1021,4521,0.5163589070682455
1022,4522,0.11670330583889231
1023,4523,0.07958114195118127
1024,4524,0.5710326517066172
1025,4525,0.5314928013026647
1026,4526,0.3139678300154763
1027,4527,0.2706131775597209
1028,4528,0.6208103580744757
1029,4529,0.31848638296349707
1030,4530,0.6053673726648506
1031,4531,0.6222479104771286
1032,4532,0.5007704957086374
1033,4533,0.4690177437844948
1034,4534,0.6852840335474796
1035,4535,0.08287610381308665
1036,4536,0.5557327212702219
1037,4537,0.3884193687153479
1038,4538,0.2817633686484008
1039,4539,0.6551043532155294
1040,4540,0.33735280376946536
1041,4541,0.28868060835089937
1042,4542,0.19383517173495168
1043,4543,0.44329183863161226
1044,4544,0.17975552863227037
1045,4545,0.31696729042723665
1046,4546,0.1721976607895822
1047,4547,0.5317676758956094
1048,4548,0.2923087958484839
1049,4549,0.5685143658452938
1050,4550,0.22214746049634332
1051,4551,0.6188172980809914
1052,4552,0.13571087006586852
1053,4553,0.6509764561393153
1054,4554,0.5047703916477431
1055,4555,0.09564368122031577
1056,4556,0.48151703967150006
1057,4557,0.2827024866671255
1058,4558,0.3541388493752824
1059,4559,0.04864532714200618
1060,4560,0.4332149005545907
1061,4561,0.20851110088447963
1062,4562,0.4372577556409492
1063,4563,0.5483287088704192
1064,4564,0.1739469879501367
1065,4565,0.6193250105161675
1066,4566,0.28907779626209623
1067,4567,0.5499045637011024
1068,4568,0.3062992668426926
1069,4569,0.6701604217858218
1070,4570,0.3076037037791968
1071,4571,0.5911830592292396
1072,4572,0.3689654558455843
1073,4573,0.2509972637800864
1074,4574,0.46098683620489866
1075,4575,0.6701352151225511
1076,4576,0.36727622637055346
1077,4577,0.6150792129133285
1078,4578,0.24814428953944148
1079,4579,0.17384463829067273
1080,4580,0.3416205255313191
1081,4581,0.2680289464659347
1082,4582,0.5170987775691864
1083,4583,0.7031784432167463
1084,4584,0.2187523621379777
1085,4585,0.48183357179347697
1086,4586,0.31371453845592656
1087,4587,0.3441985868427349
1088,4588,0.42981315706885403
1089,4589,0.3965236222380573
1090,4590,0.5423839347076116
1091,4591,0.5986529596796102
1092,4592,0.29460535789723813
1093,4593,0.37269451815836274
1094,4594,0.6113455138699548
1095,4595,0.5461710579977578
1096,4596,0.4245515630463153
1097,4597,0.6651871749512182
1098,4598,0.37032274171055324
1099,4599,0.33732056620342
1100,4600,0.5413526070840898
1101,4601,0.4236814210517969
1102,4602,0.17633283667181496
1103,4603,0.17223377212313157
1104,4604,0.5649433466313158
1105,4605,0.24066361526553998
1106,4606,0.3432752751517964
1107,4607,0.11669906698188162
1108,4608,0.1851330300497637
1109,4609,0.6928793204801194
1110,4610,0.3711697760369572
1111,4611,0.5862140931040759
1112,4612,0.3207367248729724
1113,4613,0.33696909920084905
1114,4614,0.13360359847490386
1115,4615,0.416497568029395
1116,4616,0.10313068138790557
1117,4617,0.1566325471666037
1118,4618,0.15697520738147713
1119,4619,0.718022702768058
1120,4620,0.4820655518711854
1121,4621,0.5369820009175003
1122,4622,0.6887197497319955
1123,4623,0.4213736765502975
1124,4624,0.20437907996492782
1125,4625,0.3296685833663454
1126,4626,0.5494598624393952
1127,4627,0.5437267236896703
1128,4628,0.3693683477353049
1129,4629,0.5958022477460799
1130,4630,0.13409486661903047
1131,4631,0.31911692576474426
1132,4632,0.16041827670581316
1133,4633,0.17266335249948164
1134,4634,0.09470799987181523
1135,4635,0.20290155351090905
1136,4636,0.5467957249146388
1137,4637,0.7680060507159704
1138,4638,0.222726118325093
1139,4639,0.3282618890897205
1140,4640,0.15031361860021936
1141,4641,0.3753827660369895
1142,4642,0.1459718311270152
1143,4643,0.1513793655762505
1144,4644,0.5325995283301795
1145,4645,0.562026184363982
1146,4646,0.35488182412560054
1147,4647,0.5901211186479968
1148,4648,0.5419746457589162
1149,4649,0.44317364695666805
1150,4650,0.1686200055473113
1151,4651,0.1596321629764076
1152,4652,0.28335596541342717
1153,4653,0.2898177045286238
1154,4654,0.6650076109759859
1155,4655,0.5633599463752005
1156,4656,0.27598566724872453
1157,4657,0.16178876770614875
1158,4658,0.5217917250351441
1159,4659,0.5256003398773511
1160,4660,0.3510056585759173
1161,4661,0.6154462003219546
1162,4662,0.3504593409871479
1163,4663,0.35705665553359117
1164,4664,0.10844758461655968
1165,4665,0.5871912142543463
1166,4666,0.0918470379810574
1167,4667,0.09493901432865928
1168,4668,0.369497439964343
1169,4669,0.4251014416008276
1170,4670,0.2061211794329205
1171,4671,0.553550671661417
1172,4672,0.09713888375119054
1173,4673,0.48177340322943274
1174,4674,0.3281203596798854
1175,4675,0.3839383938741864
1176,4676,0.2466573849428301
1177,4677,0.5644362974821714
1178,4678,0.17956443152400742
1179,4679,0.36879437386888814
1180,4680,0.34276743341374705
1181,4681,0.3240397518177881
1182,4682,0.12160720908529082
1183,4683,0.205121177846243
1184,4684,0.647012752060414
1185,4685,0.12224585797276732
1186,4686,0.526456261359479
1187,4687,0.35133345560192214
1188,4688,0.35993703246795616
1189,4689,0.08746474676917278
1190,4690,0.06716803760984943
1191,4691,0.4014112133927683
1192,4692,0.46391440940738804
1193,4693,0.06216788935241636
1194,4694,0.2166978230903559
1195,4695,0.4272332158790185
1196,4696,0.52507270932835
1197,4697,0.575285850470185
1198,4698,0.429006873390759
1199,4699,0.5293530815773849
1200,4700,0.44887450814812857
1201,4701,0.34453146174578997
1202,4702,0.10130807508512035
1203,4703,0.3328714164151769
1204,4704,0.5789271467993565
1205,4705,0.5113417418152773
1206,4706,0.4987394508472193
1207,4707,0.5160520800495013
1208,4708,0.12210272775235775
1209,4709,0.48573936540545853
1210,4710,0.5835169134508783
1211,4711,0.6118411895614867
1212,4712,0.6317777054056575
1213,4713,0.359951366688285
1214,4714,0.6735179691045028
1215,4715,0.4678505219889103
1216,4716,0.15439766815577088
1217,4717,0.17035844113123233
1218,4718,0.3585540871454728
1219,4719,0.5464032362890753
1220,4720,0.3740461568557946
1221,4721,0.38491214646811306
1222,4722,0.35079350661185227
1223,4723,0.18635180445373614
1224,4724,0.25155424293543693
1225,4725,0.25522380419394514
1226,4726,0.41596235951269844
1227,4727,0.07099777588114924
1228,4728,0.13843737098428688
1229,4729,0.5736497019918021
1230,4730,0.41593053750311965
1231,4731,0.5750428830704031
1232,4732,0.6150694207646619
1233,4733,0.1011936865934689
1234,4734,0.338645829417996
1235,4735,0.5526330489517756
1236,4736,0.22869300665855039
1237,4737,0.38181658116805833
1238,4738,0.5841797673306492
1239,4739,0.34513492901003934
1240,4740,0.35510820789219716
1241,4741,0.1979088909588826
1242,4742,0.35291631212053537
1243,4743,0.6969549410968733
1244,4744,0.18216838793776333
1245,4745,0.5051447921541042
1246,4746,0.38024101816522043
1247,4747,0.13957570876887984
1248,4748,0.6728085690366864
1249,4749,0.06971257596667402
1250,4750,0.6033221534484938
1251,4751,0.10064358649083903
1252,4752,0.6280458191947527
1253,4753,0.5255317015421213
1254,4754,0.39262566391070924
1255,4755,0.6676328040334748
1256,4756,0.21286178374465156
1257,4757,0.15498930170427055
1258,4758,0.6693602943211582
1259,4759,0.3600957026195281
1260,4760,0.4218076042637069
1261,4761,0.5425183886237482
1262,4762,0.5604061346274777
1263,4763,0.14193297443268266
1264,4764,0.4884473106275991
1265,4765,0.14722819504617424
1266,4766,0.5831403063324639
1267,4767,0.5419845502388548
1268,4768,0.33768767486178924
1269,4769,0.25383337263890987
1270,4770,0.2076582466435181
1271,4771,0.6380486147347826
1272,4772,0.2795328755357751
1273,4773,0.2699760344953491
1274,4774,0.34431693633069826
1275,4775,0.4076881743740054
1276,4776,0.1094336561142458
1277,4777,0.6095547104430965
1278,4778,0.382952830761285
1279,4779,0.21522076864577594
1280,4780,0.5188895825552271
1281,4781,0.4569941306191414
1282,4782,0.19008088145294957
1283,4783,0.4491521930845482
1284,4784,0.08116171390887715
1285,4785,0.16327588800973328
1286,4786,0.3469308489629995
1287,4787,0.5476497869850264
1288,4788,0.35269172465641974
1289,4789,0.6195883432657859
1290,4790,0.4746025413609589
1291,4791,0.5667527635409626
1292,4792,0.47062380864353776
1293,4793,0.36970417031451697
1294,4794,0.37627927064013544
1295,4795,0.047931052325112466
1296,4796,0.16679374999363245
1297,4797,0.519886227774163
1298,4798,0.2967271815654088
1299,4799,0.1690944452495986
1300,4800,0.5317490847071906
1301,4801,0.380796893255727
1302,4802,0.23280458633131784
1303,4803,0.13159458118154507
1304,4804,0.4058193495034646
1305,4805,0.5287792330120991
1306,4806,0.13546585867421165
1307,4807,0.6509510551306047
1308,4808,0.4244579359087039
1309,4809,0.39690894599146764
1310,4810,0.5913716372665101
1311,4811,0.16933700801209353
1312,4812,0.1682634600989597
1313,4813,0.3172753927519417
1314,4814,0.28690529017269717
1315,4815,0.5171976866529953
1316,4816,0.17934596709436104
1317,4817,0.5249490034159177
1318,4818,0.35170197750958815
1319,4819,0.3510551310666666
1320,4820,0.4771136135440231
1321,4821,0.3021282137374844
1322,4822,0.08730323056251718
1323,4823,0.31060733271173097
1324,4824,0.3740945053250156
1325,4825,0.11687496158597324
1326,4826,0.15236714305202
1327,4827,0.1923613781691051
1328,4828,0.13774348221885585
1329,4829,0.6424347823236871
1330,4830,0.28729019514919574
1331,4831,0.11506557925919308
1332,4832,0.10907946868389301
1333,4833,0.3501099131038258
1334,4834,0.36958097249972083
1335,4835,0.4064409566179627
1336,4836,0.6738852446616155
1337,4837,0.30752652666748403
1338,4838,0.6604961871562591
1339,4839,0.31976397607563767
1340,4840,0.30580642355954496
1341,4841,0.6009885806350264
1342,4842,0.6745616858810057
1343,4843,0.6128441044910675
1344,4844,0.6207285348750886
1345,4845,0.5046090122908929
1346,4846,0.2998976296711362
1347,4847,0.6102210723296486
1348,4848,0.5538758748540062
1349,4849,0.6566880203331857
1350,4850,0.5153605399346378
1351,4851,0.20260116264877168
1352,4852,0.4247723527092683
1353,4853,0.4598090039752187
1354,4854,0.5930231335769948
1355,4855,0.3946120325642651
1356,4856,0.4154034566892759
1357,4857,0.32485638383807564
1358,4858,0.6461198378107976
1359,4859,0.46277916125968954
1360,4860,0.5490199071043238
1361,4861,0.6218854127936795
1362,4862,0.5489878524835579
1363,4863,0.2261010091564873
1364,4864,0.5330483186054245
1365,4865,0.2490413517266055
1366,4866,0.24239446277866453
1367,4867,0.22507262256836577
1368,4868,0.34526938418315084
1369,4869,0.2434764835515437
1370,4870,0.10325648474548486
1371,4871,0.3357455022319551
1372,4872,0.21955656387794817
1373,4873,0.12559080631412836
1374,4874,0.7969159244817717
1375,4875,0.26635900699712134
1376,4876,0.7153412445391609
1377,4877,0.6932664888510112
1378,4878,0.49008993089558067
1379,4879,0.7141592252991115
1380,4880,0.20518825903250582
1381,4881,0.6382001948569173
1382,4882,0.6137950751737244
1383,4883,0.5250606892966952
1384,4884,0.5045999549726167
1385,4885,0.34836085401631045
1386,4886,0.5183609835281505
1387,4887,0.1646249669600322
1388,4888,0.39132381098415187
1389,4889,0.28163213433749074
1390,4890,0.29446809905577775
1391,4891,0.389678904529097
1392,4892,0.5312473813788063
1393,4893,0.6594429741699436
1394,4894,0.40384009491767925
1395,4895,0.21620974456673847
1396,4896,0.4158748440938956
1397,4897,0.7087436566320052
1398,4898,0.14529929089767168
1399,4899,0.13662858133669922
1400,4900,0.7640676594906319
1401,4901,0.35701067495663125
1402,4902,0.5116135592520124
1403,4903,0.22398917442360408
1404,4904,0.4986188612330056
1405,4905,0.7958988809431643
1406,4906,0.6763455936728859
1407,4907,0.48540359809053896
1408,4908,0.4864026081190711
1409,4909,0.4747389986920143
1410,4910,0.09301315216116383
1411,4911,0.5819943808593663
1412,4912,0.5746827279208615
1413,4913,0.5078067238661839
1414,4914,0.4021763426731535
1415,4915,0.16285345506331583
1416,4916,0.32898299700264216
1417,4917,0.12847012836316019
1418,4918,0.5307306300315044
1419,4919,0.562919786725511
1420,4920,0.5084712787206573
1421,4921,0.687310323289503
1422,4922,0.34038642656543977
1423,4923,0.34010556589787905
1424,4924,0.13152256384693672
1425,4925,0.5707125869005822
1426,4926,0.23464800384165974
1427,4927,0.35031922160426965
1428,4928,0.25616848773405726
1429,4929,0.15806553872660836
1430,4930,0.4173915477457042
1431,4931,0.6254498663408941
1432,4932,0.1438029025101709
1433,4933,0.15221945294110434
1434,4934,0.3088237177079943
1435,4935,0.22147283288472452
1436,4936,0.13732556902910117
1437,4937,0.13596998100211038
1438,4938,0.19311700674151333
1439,4939,0.11696976153330993
1440,4940,0.33683478197499417
1441,4941,0.32421307467450916
1442,4942,0.19858967131496028
1443,4943,0.25471526480511364
1444,4944,0.34659973454278065
1445,4945,0.4796817565278667
1446,4946,0.3680371542034977
1447,4947,0.06264730144184079
1448,4948,0.4457035098483251
1449,4949,0.25755346181499844
1450,4950,0.5942649582242933
1451,4951,0.5936225089629174
1452,4952,0.13420790869829766
1453,4953,0.08820630787742571
1454,4954,0.2797777068810292
1455,4955,0.4088700063839806
1456,4956,0.6042330750783618
1457,4957,0.19190943456692236
1458,4958,0.28949518040782873
1459,4959,0.5382865974923828
1460,4960,0.040907164117761366
1461,4961,0.1808102537799884
1462,4962,0.567371466777453
1463,4963,0.46475475396145965
1464,4964,0.7360423989175356
1465,4965,0.5010842339016744
1466,4966,0.5488859515227759
1467,4967,0.501769993657499
1468,4968,0.20292797541183172
1469,4969,0.49034101502906313
1470,4970,0.08189473752293726
1471,4971,0.3189686531383479
1472,4972,0.3563860051933374
1473,4973,0.4067501103453603
1474,4974,0.546983715989858
1475,4975,0.3555228577669465
1476,4976,0.3958032398957165
1477,4977,0.03679064422315602
1478,4978,0.1622781140195771
1479,4979,0.3666861101219665
1480,4980,0.13468429890150813
1481,4981,0.27675166371554877
1482,4982,0.19390304152026452
1483,4983,0.6655163863008328
1484,4984,0.5458459616456026
1485,4985,0.300961645218453
1486,4986,0.4597922230820736
1487,4987,0.6234745261899316
1488,4988,0.45864295645512737
1489,4989,0.31536220822414923
1490,4990,0.31612244956592006
1491,4991,0.314277497616394
1492,4992,0.3012701798872697
1493,4993,0.0853428727256573
1494,4994,0.4341205543741989
1495,4995,0.5418740115929468
1496,4996,0.4879577863980081
1497,4997,0.5447882765350208
1498,4998,0.14564447556101226
1499,4999,0.31441395368112646
1500,5000,0.463136767047659
1501,5001,0.46340090091318054
1502,5002,0.4288818402416004
1503,5003,0.20861770774163618
1504,5004,0.46458806773853534
1505,5005,0.11585404158842294
1506,5006,0.4884591151545916
1507,5007,0.47468860364691273
1508,5008,0.3105183095529349
1509,5009,0.7608811818500801
1510,5010,0.47486161112440495
1511,5011,0.681475239580536
1512,5012,0.19566487160091114
1513,5013,0.5502412997123596
1514,5014,0.37270402935122726
1515,5015,0.1451112018687323
1516,5016,0.5627909042498843
1517,5017,0.23629576279135042
1518,5018,0.17641235813868406
1519,5019,0.14156565295994902
1520,5020,0.33791377483878937
1521,5021,0.2946911554381536
1522,5022,0.5213100977791416
1523,5023,0.4175326533217511
1524,5024,0.28977509904305115
1525,5025,0.5008299231938687
1526,5026,0.6057570967380984
1527,5027,0.42634358807784195
1528,5028,0.27851202384089324
1529,5029,0.4331343446849818
1530,5030,0.288297711482906
1531,5031,0.396999607024053
1532,5032,0.5936463355346143
1533,5033,0.264606830903665
1534,5034,0.4937012929972036
1535,5035,0.17304327476553666
1536,5036,0.3078747407833836
1537,5037,0.46606439038337405
1538,5038,0.19637291929874656
1539,5039,0.2776445612564261
1540,5040,0.2577790340717562
1541,5041,0.4974231656700159
1542,5042,0.06875837210958986
1543,5043,0.30445365404271774
1544,5044,0.5015762670828637
1545,5045,0.6782429582155574
1546,5046,0.06813266021297841
1547,5047,0.230326451485175
1548,5048,0.3546632773262259
1549,5049,0.5313895702868524
1550,5050,0.25974204936978484
1551,5051,0.33756739585372103
1552,5052,0.6789846826027831
1553,5053,0.6574428176843312
1554,5054,0.5274053628271567
1555,5055,0.5200637576926808
1556,5056,0.37316816145403076
1557,5057,0.5381244478248652
1558,5058,0.26894909803410205
1559,5059,0.3484969390696922
1560,5060,0.3444181880362935
1561,5061,0.1111624699489012
1562,5062,0.20384616547272408
1563,5063,0.5751721088925452
1564,5064,0.19892425057361135
1565,5065,0.49649852055888877
1566,5066,0.11636551203715738
1567,5067,0.1118110294587423
1568,5068,0.1614383247297035
1569,5069,0.4120627137624859
1570,5070,0.44355527825668495
1571,5071,0.5210771957860144
1572,5072,0.5285589885736103
1573,5073,0.47465879751361645
1574,5074,0.0736379386560349
1575,5075,0.4162853893519727
1576,5076,0.5728340926943266
1577,5077,0.2618869595653115
1578,5078,0.2787983036315733
1579,5079,0.5215315752460107
1580,5080,0.05691080055550044
1581,5081,0.49441894850143026
1582,5082,0.4335478664552319
1583,5083,0.1113427336953977
1584,5084,0.2396916337849481
1585,5085,0.25353264855034147
1586,5086,0.12578457980269933
1587,5087,0.12360515441584331
1588,5088,0.3138562920049839
1589,5089,0.46234345634507373
1590,5090,0.3615521109429278
1591,5091,0.5254317764711696
1592,5092,0.26911059649236774
1593,5093,0.3056782683669749
1594,5094,0.5005345502899375
1595,5095,0.7522997661756483
1596,5096,0.41153223960505325
1597,5097,0.3703854834165655
1598,5098,0.5406048934010219
1599,5099,0.10539631784631955
1600,5100,0.4413772690456792
1601,5101,0.19837926991618934
1602,5102,0.14572779510206735
1603,5103,0.08487701543222015
1604,5104,0.296378695269301
1605,5105,0.309406045670414
1606,5106,0.5286750955661504
1607,5107,0.5770176930737497
1608,5108,0.5938275374250438
1609,5109,0.5610423499437531
1610,5110,0.45758603728134917
1611,5111,0.5362260568420708
1612,5112,0.24595029620531386
1613,5113,0.5138955273469378
1614,5114,0.2107599131150893
1615,5115,0.6879775701763204
1616,5116,0.09591977153897605
1617,5117,0.3081773780794645
1618,5118,0.24141686309314098
1619,5119,0.21715351235389627
1620,5120,0.4656453719904098
1621,5121,0.7092812894074827
1622,5122,0.32422305637757093
1623,5123,0.4585049661835754
1624,5124,0.5871985227229428
1625,5125,0.2208341406117636
1626,5126,0.14561685194695678
1627,5127,0.3290347703724056
1628,5128,0.5204918836607264
1629,5129,0.06342952261152965
1630,5130,0.25882923903263505
1631,5131,0.18136611467132926
1632,5132,0.1341701165258555
1633,5133,0.6146074134281466
1634,5134,0.4283180778896219
1635,5135,0.4248298220018944
1636,5136,0.4725926368558779
1637,5137,0.5998450375360473
1638,5138,0.21836457426110853
1639,5139,0.29602096677526735
1640,5140,0.33723305610176824
1641,5141,0.38513098393467005
1642,5142,0.4831477206497103
1643,5143,0.16804912583715453
1644,5144,0.33335295250564273
1645,5145,0.05582032416139948
1646,5146,0.30896551532284766
1647,5147,0.6855855697058534
1648,5148,0.596047602518472
1649,5149,0.6233508671679376
1650,5150,0.35860926666242177
1651,5151,0.5329223601924684
1652,5152,0.39992604138429033
1653,5153,0.13350637395190967
1654,5154,0.5505322652408795
1655,5155,0.3599479046996698
1656,5156,0.17339174418631334
1657,5157,0.5627610263300208
1658,5158,0.20579913213386397
1659,5159,0.3916827934390584
1660,5160,0.33090111855551063
1661,5161,0.12099627324096207
1662,5162,0.3488682084427774
1663,5163,0.31355635715311225
1664,5164,0.15361465624971965
1665,5165,0.2981537726164156
1666,5166,0.4591672405012454
1667,5167,0.32921466936758437
1668,5168,0.15571854542226474
1669,5169,0.5696019567644682
1670,5170,0.24995931951470607
1671,5171,0.32590930410058117
1672,5172,0.09626448191305284
1673,5173,0.39897662585692295
1674,5174,0.33076892562687865
1675,5175,0.6449097421810828
1676,5176,0.6346970942703115
1677,5177,0.3194702786424487
1678,5178,0.3416844375977234
1679,5179,0.5863889419531884
1680,5180,0.10255970468785393
1681,5181,0.5622251214656486
1682,5182,0.42518329298318797
1683,5183,0.13886927522886963
1684,5184,0.44943090365674676
1685,5185,0.051736014529424654
1686,5186,0.39557687540712966
1687,5187,0.2853645888317149
1688,5188,0.33368027596089406
1689,5189,0.34713868261426417
1690,5190,0.21421890672403637
1691,5191,0.29470488664857875
1692,5192,0.5804408266460608
1693,5193,0.45565409336597923
1694,5194,0.3778523359058625
1695,5195,0.2399538664205194
1696,5196,0.1331326843094335
1697,5197,0.2139652690506091
1698,5198,0.4019584101293306
1699,5199,0.28558557653030586
1700,5200,0.6841850258029685
1701,5201,0.2782717626840651
1702,5202,0.07662204769932275
1703,5203,0.227089209916022
1704,5204,0.48043190306526057
1705,5205,0.1942389171062454
1706,5206,0.2703683312490804
1707,5207,0.13273435070877207
1708,5208,0.4807813132954976
1709,5209,0.45322027304897117
1710,5210,0.10203937271218641
1711,5211,0.5694029402407268
1712,5212,0.3769838322114664
1713,5213,0.24960044635887602
1714,5214,0.4052500100198026
1715,5215,0.6482534613929111
1716,5216,0.553229937845409
1717,5217,0.31186975420976765
1718,5218,0.1988909743039709
1719,5219,0.323399022463887
1720,5220,0.6637745399218996
1721,5221,0.5330962051366056
1722,5222,0.5425605715271671
1723,5223,0.47928333912878834
1724,5224,0.12462765793398857
1725,5225,0.48819433463861955
1726,5226,0.5462723708884399
1727,5227,0.08157514757475348
1728,5228,0.32660688993002684
1729,5229,0.5259769124574124
1730,5230,0.3048055841845152
1731,5231,0.271382051776624
1732,5232,0.2800135857660207
1733,5233,0.34889362380223954
1734,5234,0.24061496974298982
1735,5235,0.4490672746699052
1736,5236,0.22220625099191132
1737,5237,0.39489664340474634
1738,5238,0.5244576839725877
1739,5239,0.041410574766139775
1740,5240,0.10147989470496847
1741,5241,0.4920499558381684
1742,5242,0.4021735462482507
1743,5243,0.3135242733000381
1744,5244,0.11294871327486655
1745,5245,0.12691058086731988
1746,5246,0.4581082886304545
1747,5247,0.46510189107493133
1748,5248,0.7110840011863522
1749,5249,0.2680344220257301
1750,5250,0.47383785938879924
1751,5251,0.4146069615187288
1752,5252,0.16527976388359675
1753,5253,0.21947803891513723
1754,5254,0.3417783087914427
1755,5255,0.22923197499221235
1756,5256,0.15300132025276053
1757,5257,0.557948800930057
1758,5258,0.5665887568305197
1759,5259,0.10929850184668909
1760,5260,0.2695983600568505
1761,5261,0.5104499902427968
1762,5262,0.07882340760555394
1763,5263,0.14446128164396577
1764,5264,0.6885599308185348
1765,5265,0.6896870656300783
1766,5266,0.2207378351678602
1767,5267,0.2497486477209511
1768,5268,0.42508114107510614
1769,5269,0.10699685148754522
1770,5270,0.379185732193025
1771,5271,0.4171683486992058
1772,5272,0.5740437940351494
1773,5273,0.27889824704918187
1774,5274,0.10404262204502357
1775,5275,0.7226907484643791
1776,5276,0.1276068330240767
1777,5277,0.3275778254351373
1778,5278,0.4969375178086079
1779,5279,0.4619034845605221
1780,5280,0.2999881285913112
1781,5281,0.2812785592321066
1782,5282,0.18452802975778357
1783,5283,0.1402448800050358
1784,5284,0.22463960949708556
1785,5285,0.4459282157756025
1786,5286,0.4485080718056989
1787,5287,0.6483753630730095
1788,5288,0.29006126785182185
1789,5289,0.49486630887503114
1790,5290,0.16288683950240257
1791,5291,0.3380822245450101
1792,5292,0.08571764099305076
1793,5293,0.6648270253718764
1794,5294,0.6960065689962411
1795,5295,0.33613728008507204
1796,5296,0.44476321382920364
1797,5297,0.6463910165597433
1798,5298,0.4215656794970331
1799,5299,0.40943485926274487
1800,5300,0.17445176983785318
1801,5301,0.36694208260613714
1802,5302,0.2551641152107178
1803,5303,0.5621671681743029
1804,5304,0.3315418108787403
1805,5305,0.13204858757556712
1806,5306,0.4208956354711143
1807,5307,0.2781504164604144
1808,5308,0.49013182535334254
1809,5309,0.1806878224244545
1810,5310,0.12980723204787312
1811,5311,0.637111249197314
1812,5312,0.15837350890048327
1813,5313,0.13405432522749028
1814,5314,0.5776012522048962
1815,5315,0.40612450163675273
1816,5316,0.31420032050434105
1817,5317,0.17262083591775912
1818,5318,0.5309594964022458
1819,5319,0.36232268296908154
1820,5320,0.19361840841307515
1821,5321,0.3802381122289473
1822,5322,0.24099808050889895
1823,5323,0.5270294252547003
1824,5324,0.26347805974468275
1825,5325,0.3049332854783132
1826,5326,0.5775283422012092
1827,5327,0.5053428727074334
1828,5328,0.2173352094276112
1829,5329,0.6532632712165167
1830,5330,0.16266511010508683
1831,5331,0.062287235929391685
1832,5332,0.2769687142119138
1833,5333,0.2873421960060629
1834,5334,0.5943147649874926
1835,5335,0.27328326033567363
1836,5336,0.5511954615041393
1837,5337,0.4968867394945332
1838,5338,0.1392027716702946
1839,5339,0.21415719067928107
1840,5340,0.0706356743014693
1841,5341,0.08378024041872188
1842,5342,0.5251058359749156
1843,5343,0.29570779223295324
1844,5344,0.6221672769940345
1845,5345,0.43332155167218683
1846,5346,0.2725722154465117
1847,5347,0.46250733544405703
1848,5348,0.13764317524432018
1849,5349,0.3584767591531983
1850,5350,0.1340587273547552
1851,5351,0.3216148450817766
1852,5352,0.46125870100856575
1853,5353,0.344866780069038
1854,5354,0.5884360162389555
1855,5355,0.6562634983543757
1856,5356,0.5918073797300551
1857,5357,0.6006413488785783
1858,5358,0.1949170537781256
1859,5359,0.31280548079914444
1860,5360,0.572028470536732
1861,5361,0.4701678704739648
1862,5362,0.3205145523277917
1863,5363,0.5007618385643271
1864,5364,0.33043357120260036
1865,5365,0.5519984415893812
1866,5366,0.6458393865388149
1867,5367,0.6611933830014145
1868,5368,0.41991220286285424
1869,5369,0.15024301216523836
1870,5370,0.2802714957229126
1871,5371,0.17049278184344666
1872,5372,0.30851289667438964
1873,5373,0.2949087420850124
1874,5374,0.24985432705557092
1875,5375,0.4372297193614706
1876,5376,0.7046522877365965
1877,5377,0.520460538635702
1878,5378,0.16553083024932091
1879,5379,0.07047032884735334
1880,5380,0.6279796862076648
1881,5381,0.46875542344519733
1882,5382,0.25081692620965657
1883,5383,0.23599912309262525
1884,5384,0.6454121512279262
1885,5385,0.056815864687582075
1886,5386,0.17623822595088634
1887,5387,0.7273811336129158
1888,5388,0.08897536670437796
1889,5389,0.5259010294006226
1890,5390,0.7525274154260254
1891,5391,0.1915617116862784
1892,5392,0.3278504821670408
1893,5393,0.1346946254038642
1894,5394,0.2529984555641394
1895,5395,0.2104954379738334
1896,5396,0.4096673777638293
1897,5397,0.10113692350981443
1898,5398,0.12965605623429743
1899,5399,0.05558400300374129
1900,5400,0.14100563592370408
1901,5401,0.5394520173053653
1902,5402,0.30234496268201194
1903,5403,0.14475056936821937
1904,5404,0.33972583646887217
1905,5405,0.07411436474077937
1906,5406,0.19380488606579546
1907,5407,0.4535171195834473
1908,5408,0.08371354747741616
1909,5409,0.5005426315983781
1910,5410,0.507689136993939
1911,5411,0.2878656806449726
1912,5412,0.43042913114376297
1913,5413,0.07870445186791238
1914,5414,0.12792773797068552
1915,5415,0.40651561428449173
1916,5416,0.5227588048765809
1917,5417,0.32751568265229686
1918,5418,0.22740145620849894
1919,5419,0.18629048505949852
1920,5420,0.695295556948252
1921,5421,0.12463395038053511
1922,5422,0.39217523101780155
1923,5423,0.10864379070650539
1924,5424,0.6713933127349108
1925,5425,0.10381549755324641
1926,5426,0.43248786502047637
1927,5427,0.34477331428313845
1928,5428,0.16740379180331155
1929,5429,0.6548275469108508
1930,5430,0.16688457597048473
1931,5431,0.5503373307968285
1932,5432,0.057856726790621066
1933,5433,0.5519389674013656
1934,5434,0.18869229010873545
1935,5435,0.060158037415216956
1936,5436,0.14035540183687903
1937,5437,0.7228225706537977
1938,5438,0.45810571521100907
1939,5439,0.5370411030303471
1940,5440,0.6529309593707593
1941,5441,0.13237628268856155
1942,5442,0.5922403687669943
1943,5443,0.3775111256614037
1944,5444,0.36683374466000396
1945,5445,0.13984027505142085
1946,5446,0.09722716054356809
1947,5447,0.47696084852190207
1948,5448,0.6298547150139717
1949,5449,0.5374899624731061
1950,5450,0.5735379307971351
1951,5451,0.3589271666416467
1952,5452,0.14262485313590503
1953,5453,0.3103882202804765
1954,5454,0.6665437821776845
1955,5455,0.11935880625249688
1956,5456,0.4928863889456023
1957,5457,0.2139268516787591
1958,5458,0.330604622832714
1959,5459,0.5447239306649843
1960,5460,0.5067507477939254
1961,5461,0.3963010593970793
1962,5462,0.737211291134314
1963,5463,0.5912482903384735
1964,5464,0.06787274072313412
1965,5465,0.10628801486375425
1966,5466,0.5660154272534437
1967,5467,0.08296789610922263
1968,5468,0.6157905883024714
1969,5469,0.4277861733232741
1970,5470,0.22333317135679756
1971,5471,0.6300451936346342
1972,5472,0.3457719097253528
1973,5473,0.40384091096735913
1974,5474,0.12034707645823614
1975,5475,0.076968882704016
1976,5476,0.46124886057161585
1977,5477,0.14048471465330353
1978,5478,0.6356749779413052
1979,5479,0.042101945564847455
1980,5480,0.21302285912523627
1981,5481,0.22359782260126546
1982,5482,0.47037715425863647
1983,5483,0.1878787352398271
1984,5484,0.18993069879084887
1985,5485,0.32915708823606876
1986,5486,0.059336632352794266
1987,5487,0.21172682909445636
1988,5488,0.6618349617545313
1989,5489,0.287663525114948
1990,5490,0.22851814575984522
1991,5491,0.4077723021477235
1992,5492,0.1879101552557505
1993,5493,0.10936050732411705
1994,5494,0.22008144160804233
1995,5495,0.6292920142310661
1996,5496,0.5710710815024304
1997,5497,0.42531975108971437
1998,5498,0.3482659662963915
1999,5499,0.21676820112399522
2000,5500,0.17585497753068188
2001,5501,0.4594322571924001
2002,5502,0.44648291941442386
2003,5503,0.07582095454562343
2004,5504,0.19029696891481931
2005,5505,0.5245935352521337
2006,5506,0.31241396784303244
2007,5507,0.4504461104808081
2008,5508,0.41907531747819654
2009,5509,0.2716702463046211
2010,5510,0.45841517589695413
2011,5511,0.5967141419050718
2012,5512,0.345330860512994
2013,5513,0.5154721198369215
2014,5514,0.26645210251022
2015,5515,0.5210519244265636
2016,5516,0.202650375603993
2017,5517,0.5139906600854787
2018,5518,0.6730208339378565
2019,5519,0.35143269285353157
2020,5520,0.580716397603286
2021,5521,0.1647661222476177
2022,5522,0.3516580781755317
2023,5523,0.5729150116353158
2024,5524,0.13368600634733022
2025,5525,0.5825989928576846
2026,5526,0.6601525178612138
2027,5527,0.06630898016253632
2028,5528,0.4910369945265926
2029,5529,0.4530583166819248
2030,5530,0.2523260769514964
2031,5531,0.195079017363396
2032,5532,0.3788995534795159
2033,5533,0.350127717860587
2034,5534,0.11609348188226024
2035,5535,0.037114014649778544
2036,5536,0.6059522308449761
2037,5537,0.25495579986266914
2038,5538,0.4611593881943052
2039,5539,0.46366668854695237
2040,5540,0.48291186733403746
2041,5541,0.487481075948155
2042,5542,0.6760945221821888
2043,5543,0.17076686661372145
2044,5544,0.37776631674784295
2045,5545,0.2924365930918696
2046,5546,0.20172320915881573
2047,5547,0.18540077090248228
2048,5548,0.1456460599595287
2049,5549,0.16708456461093615
2050,5550,0.09437263749218894
2051,5551,0.4040396243152771
2052,5552,0.5283752392703399
2053,5553,0.4817259729461234
2054,5554,0.47851339449873265
2055,5555,0.1975621634791633
2056,5556,0.15487048906176062
2057,5557,0.5740323959451271
2058,5558,0.43826565025463593
2059,5559,0.48926965787199594
2060,5560,0.2027133563671157
2061,5561,0.6668935436436336
2062,5562,0.4888579378365437
2063,5563,0.29967444591942344
2064,5564,0.4823010239670087
2065,5565,0.2605373203126388
2066,5566,0.44201015977155905
2067,5567,0.42185152536091625
2068,5568,0.1816813075177625
2069,5569,0.405283462717477
2070,5570,0.6864341814561615
2071,5571,0.5994181228095193
2072,5572,0.2051973406735454
2073,5573,0.5892154689219297
2074,5574,0.3164503185178684
2075,5575,0.44442021378177143
2076,5576,0.1675516660014369
2077,5577,0.7160712674519517
2078,5578,0.30891108007495005
2079,5579,0.656439807973453
2080,5580,0.5042698824567413
2081,5581,0.13428599602448046
2082,5582,0.6211537659868605
2083,5583,0.20957307663952354
2084,5584,0.3995069924803212
2085,5585,0.6739526394631167
2086,5586,0.1652888598377702
2087,5587,0.5289032395218254
2088,5588,0.3450785613222385
2089,5589,0.5881694212538257
2090,5590,0.4254063136374097
2091,5591,0.5221591209083116
2092,5592,0.5368246656090133
2093,5593,0.2998107622912256
2094,5594,0.19133948230498066
2095,5595,0.6798213517684385
2096,5596,0.2932796922092325
2097,5597,0.48565735487595
2098,5598,0.2853459462263502
2099,5599,0.2993395310258453
2100,5600,0.3137025695801715
2101,5601,0.5136742826090194
2102,5602,0.19773342163688867
2103,5603,0.5992050044007324
2104,5604,0.6441731329954644
2105,5605,0.5382259299425083
2106,5606,0.6827070964911669
2107,5607,0.1599985612109241
2108,5608,0.30407530861310184
2109,5609,0.5838635088165879
2110,5610,0.5132405015731575
2111,5611,0.12244146081273198
2112,5612,0.23804411018542992
2113,5613,0.10986162200715995
2114,5614,0.5808447750396315
2115,5615,0.12821109257046917
2116,5616,0.6443884637309587
2117,5617,0.19719605769680587
2118,5618,0.17837095491291316
2119,5619,0.4705463865093168
2120,5620,0.3064796381363671
2121,5621,0.35051292445917387
2122,5622,0.29305560920569995
2123,5623,0.273658377984581
2124,5624,0.11169153254846434
2125,5625,0.4920248074569786
2126,5626,0.3144427797585549
2127,5627,0.2799032255456692
2128,5628,0.3658096533260169
2129,5629,0.18918238527449951
2130,5630,0.2471313036486467
2131,5631,0.4131088345372356
2132,5632,0.3441659341832052
2133,5633,0.12629630952128806
2134,5634,0.36982704082038514
2135,5635,0.12942316348546992
2136,5636,0.47391928699533303
2137,5637,0.17273780827655139
2138,5638,0.648091525709374
2139,5639,0.12310279456962496
2140,5640,0.2823997312123834
2141,5641,0.4130063458529502
2142,5642,0.21687652898906
2143,5643,0.10303318033538997
2144,5644,0.6879904940467035
2145,5645,0.19583177106985986
2146,5646,0.3115101928417458
2147,5647,0.43426381211736076
2148,5648,0.22527877185370185
2149,5649,0.3794400902392523
2150,5650,0.14775284900592808
2151,5651,0.21800163696962177
2152,5652,0.2890255443935844
2153,5653,0.3540873256907473
2154,5654,0.5378715521813306
2155,5655,0.641230898295049
2156,5656,0.31629238235515195
2157,5657,0.23013090570245226
2158,5658,0.11012086430098435
2159,5659,0.6297393776933452
2160,5660,0.09498150541750251
2161,5661,0.1218700473855221
2162,5662,0.4630788336247602
2163,5663,0.5438499199783703
2164,5664,0.5285458386158439
2165,5665,0.22533095151988375
2166,5666,0.4971806566099932
2167,5667,0.7346274733423837
2168,5668,0.47352099585209745
2169,5669,0.13855902541144557
2170,5670,0.11110334315694811
2171,5671,0.37061923066831837
2172,5672,0.32447708854556506
2173,5673,0.11090792547369663
2174,5674,0.25443018848597415
2175,5675,0.21937079584227862
2176,5676,0.33403039544155283
2177,5677,0.3511041521364536
2178,5678,0.6141492299438767
2179,5679,0.5084790775199372
2180,5680,0.39709581154916046
2181,5681,0.09919166784295474
2182,5682,0.09450610324920157
2183,5683,0.26727683034769834
2184,5684,0.5409264869052745
2185,5685,0.28692686531856565
2186,5686,0.4141039661284905
2187,5687,0.5948806846328444
2188,5688,0.4273438358322222
2189,5689,0.5957614734667436
2190,5690,0.48645150201834403
2191,5691,0.24944421393367117
2192,5692,0.5569474818835841
2193,5693,0.6081592982343165
2194,5694,0.15663920925340757
2195,5695,0.7474410048466263
2196,5696,0.5175542406793562
2197,5697,0.5253749929938977
2198,5698,0.40216390045043215
2199,5699,0.18367736914070393
2200,5700,0.47809076270779116
2201,5701,0.20070053507943006
2202,5702,0.4996898154374966
2203,5703,0.702452060604571
2204,5704,0.06145613116861093
2205,5705,0.38142457760854687
2206,5706,0.37016416906126576
2207,5707,0.2573106581256009
2208,5708,0.48473260855760975
2209,5709,0.7242659860135755
2210,5710,0.44542751704689204
2211,5711,0.3208683589704485
2212,5712,0.2667939824089218
2213,5713,0.25510556663879425
2214,5714,0.26402525188018267
2215,5715,0.542932385737866
2216,5716,0.31160596112423705
2217,5717,0.17363939229278763
2218,5718,0.12179594057449046
2219,5719,0.5250059127769308
2220,5720,0.11204144434497429
2221,5721,0.41507066369071993
2222,5722,0.1215215809955548
2223,5723,0.18205514596426184
2224,5724,0.1710540023066918
2225,5725,0.14260608932710298
2226,5726,0.05300022653280246
2227,5727,0.10159589945935382
2228,5728,0.19320155811063544
2229,5729,0.1246236757586888
2230,5730,0.12604829247524743
2231,5731,0.21706569179394294
2232,5732,0.5827331227095807
2233,5733,0.6150123686847231
2234,5734,0.5891271255251864
2235,5735,0.1815755115689763
2236,5736,0.6248527982904617
2237,5737,0.5871735408835216
2238,5738,0.12550330944478622
2239,5739,0.40527332131382793
2240,5740,0.3903495350693836
2241,5741,0.32227877383450076
2242,5742,0.34943905117399
2243,5743,0.3623163166219857
2244,5744,0.12484757218804746
2245,5745,0.2903282917493351
2246,5746,0.08905856388676167
2247,5747,0.1740790782317886
2248,5748,0.21925163664298739
2249,5749,0.17718470475037856
2250,5750,0.09192664159746655
2251,5751,0.394404709882493
2252,5752,0.2109457702133205
2253,5753,0.592920287555423
2254,5754,0.6738887727816537
2255,5755,0.26259863588073973
2256,5756,0.16484485115531305
2257,5757,0.5560405408021386
2258,5758,0.4632623173397678
2259,5759,0.5590552870412249
2260,5760,0.25069543332149424
2261,5761,0.4448569282532172
2262,5762,0.5856456691783051
2263,5763,0.15939240624180853
2264,5764,0.12521383472556602
2265,5765,0.17831167956455057
2266,5766,0.16359983030753847
2267,5767,0.20763352581552422
2268,5768,0.26929649590073224
2269,5769,0.47041914090063197
2270,5770,0.6155180876848665
2271,5771,0.4578532752749979
2272,5772,0.2692844914476917
2273,5773,0.3256206382201415
2274,5774,0.3523478215472293
2275,5775,0.6562768143635126
2276,5776,0.5368636644081854
2277,5777,0.5942332657016319
2278,5778,0.4401875131932642
2279,5779,0.5197222371036603
2280,5780,0.4465370494851303
2281,5781,0.36015573816117497
2282,5782,0.5319100889556838
2283,5783,0.6344473414735697
2284,5784,0.07146039334877076
2285,5785,0.2940355673533811
2286,5786,0.33686841601191975
2287,5787,0.38366290821841864
2288,5788,0.3859770510110222
2289,5789,0.09017009330698093
2290,5790,0.15941541443519036
2291,5791,0.1379454484578992
2292,5792,0.15380576749533179
2293,5793,0.4270234668395373
2294,5794,0.5457827529059329
2295,5795,0.3752690632641064
2296,5796,0.43259887314570317
2297,5797,0.45636683525314925
2298,5798,0.2528156529485213
2299,5799,0.5812956386763363
2300,5800,0.133016936410682
2301,5801,0.06930683453659862
2302,5802,0.33107340073230357
2303,5803,0.1956520763784526
2304,5804,0.3970982667030246
2305,5805,0.5360931522288298
2306,5806,0.19206942478073669
2307,5807,0.6158319823801415
2308,5808,0.5855526898107304
2309,5809,0.3512659033196987
2310,5810,0.15467512576926984
2311,5811,0.17385666392750285
2312,5812,0.6948331545280081
2313,5813,0.27873757675306415
2314,5814,0.39182824958475665
2315,5815,0.3768395142317119
2316,5816,0.23306156390532995
2317,5817,0.31404191682444477
2318,5818,0.48112588619257246
2319,5819,0.4486518500112853
2320,5820,0.550012112990919
2321,5821,0.2642200606392502
2322,5822,0.5805774735637468
2323,5823,0.05991553069432269
2324,5824,0.16474350777473368
2325,5825,0.18398244192302748
2326,5826,0.5047278010035022
2327,5827,0.5177359357184076
2328,5828,0.2209408467042741
2329,5829,0.08855264530749049
2330,5830,0.6532727259896767
2331,5831,0.7571313091073364
2332,5832,0.21489040457167147
2333,5833,0.4643810710499271
2334,5834,0.5723397223749697
2335,5835,0.3348392476521694
2336,5836,0.6800581783779472
2337,5837,0.19978986984123273
2338,5838,0.6873311669138529
2339,5839,0.350813824738231
2340,5840,0.49155721602694835
2341,5841,0.7056525922557653
2342,5842,0.38761691392318093
2343,5843,0.31283263098246017
2344,5844,0.2000674065732548
2345,5845,0.4638021597575086
2346,5846,0.2722567357510656
2347,5847,0.18671879586560525
2348,5848,0.3924301541373023
2349,5849,0.1817501077232368
2350,5850,0.47594435076881064
2351,5851,0.3480225104009545
2352,5852,0.24659472052065812
2353,5853,0.3758068863908771
2354,5854,0.33027649680305426
2355,5855,0.47147962591603215
2356,5856,0.17601573371780735
2357,5857,0.1629125656700834
2358,5858,0.09301803873553663
2359,5859,0.4627771174722202
2360,5860,0.45783071371142053
2361,5861,0.3558538367573433
2362,5862,0.12971887382827654
2363,5863,0.22835623946053435
2364,5864,0.5575141555270661
2365,5865,0.12175031665718589
2366,5866,0.7574749166515192
2367,5867,0.14808745880912524
2368,5868,0.39100700689278894
2369,5869,0.5988158469640927
2370,5870,0.3257708682951537
2371,5871,0.6406762930575418
2372,5872,0.3745953408380778
2373,5873,0.18966191834944465
2374,5874,0.3465867938217949
2375,5875,0.21594848958596546
2376,5876,0.5411117916056789
2377,5877,0.6110243368100957
2378,5878,0.4530015450866332
2379,5879,0.22147618312713063
2380,5880,0.6132553763787383
2381,5881,0.58691539431926
2382,5882,0.5077437886207747
2383,5883,0.2030467213088378
2384,5884,0.21038574470798593
2385,5885,0.19314368131251397
2386,5886,0.4861737069518345
2387,5887,0.7137903810867163
2388,5888,0.08926157379663824
2389,5889,0.7052564646359281
2390,5890,0.37841496891804144
2391,5891,0.5730841129464991
2392,5892,0.3776245459846348
2393,5893,0.608923506788248
2394,5894,0.6174150755156891
2395,5895,0.42235132375352297
2396,5896,0.4084263487982989
2397,5897,0.23688078137035437
2398,5898,0.09312889821549414
2399,5899,0.09348219694043854
2400,5900,0.12603398977172228
2401,5901,0.38499515686432567
2402,5902,0.1089484222648347
2403,5903,0.5118213800034623
2404,5904,0.1499148063072216
2405,5905,0.5190625250269403
2406,5906,0.36003529228560444
2407,5907,0.5667477303116574
2408,5908,0.37854411404466176
2409,5909,0.15362236964456907
2410,5910,0.33211079751758726
2411,5911,0.25020086699439603
2412,5912,0.4589692944106451
2413,5913,0.34588042072118547
2414,5914,0.0770989984154723
2415,5915,0.44262477459164123
2416,5916,0.24268642115299321
2417,5917,0.5347058907504055
2418,5918,0.6723044829614865
2419,5919,0.5165933284208085
2420,5920,0.2031018726449947
2421,5921,0.1614188457777454
2422,5922,0.3925236242799898
2423,5923,0.5127899909864763
2424,5924,0.46839937068649956
2425,5925,0.0878883951027819
2426,5926,0.49823139705649183
2427,5927,0.5483026417587084
2428,5928,0.21064174397265842
2429,5929,0.2538219365719888
2430,5930,0.46981718353758234
2431,5931,0.09993092284709075
2432,5932,0.47716658061364936
2433,5933,0.1451856830560155
2434,5934,0.573842303559862
2435,5935,0.7267288633824409
2436,5936,0.5025091335405459
2437,5937,0.6130493354215423
2438,5938,0.38140910331653494
2439,5939,0.3627979822339107
2440,5940,0.2668964271160845
2441,5941,0.25971666384081643
2442,5942,0.24657120647187392
2443,5943,0.4752479957537076
2444,5944,0.12924538455399306
2445,5945,0.04269672801170606
2446,5946,0.22071387943450774
2447,5947,0.24292093209857665
2448,5948,0.5467467163753547
2449,5949,0.13847328606154646
2450,5950,0.5966638975021185
2451,5951,0.4563714374220327
2452,5952,0.5081748458971294
2453,5953,0.08978725660531216
2454,5954,0.16645558611325878
2455,5955,0.5085565953857729
2456,5956,0.39577941783498877
2457,5957,0.44728077341644024
2458,5958,0.34212749985554164
2459,5959,0.22026618383907798
2460,5960,0.6336319530823998
2461,5961,0.6425501182899818
2462,5962,0.5559758545091554
2463,5963,0.46053128848085795
2464,5964,0.4512307309723206
2465,5965,0.2495298643200587
2466,5966,0.6937501322465056
2467,5967,0.6556111979401426
2468,5968,0.5390134261373855
2469,5969,0.6112202264571114
2470,5970,0.13493490310516768
2471,5971,0.5010610649299998
2472,5972,0.12944406120566107
2473,5973,0.26442152647859307
2474,5974,0.6068164349907459
2475,5975,0.7049530312961971
2476,5976,0.21130722799973062
2477,5977,0.48934700179597534
2478,5978,0.38508877067261826
2479,5979,0.7065932377777087
2480,5980,0.37981999998989563
2481,5981,0.5501346300410683
