item_id,item_cnt_month
3500,0.6986134445582418
3501,0.3305172696895427
3502,0.2899760140658429
3503,0.32475871333594947
3504,0.4105885925635061
3505,0.3471016791818405
3506,0.2338899779866354
3507,0.88747209928734
3508,0.22932497500502577
3509,0.25081658037165316
3510,0.252286681076314
3511,0.5912628102997042
3512,0.6011733019752007
3513,0.21177945709346757
3514,0.6449547156127785
3515,0.1516769899188528
3516,0.15798920283786083
3517,0.14423666765539706
3518,0.2926560057954705
3519,0.5537191243403226
3520,0.7815814191632142
3521,0.5408913835234486
3522,0.5695679074590253
3523,0.3228001882685112
3524,0.044432795138802966
3525,0.6842150985732406
3526,0.264289204585882
3527,0.9905260008010598
3528,0.6640482521987203
3529,0.20199922911783544
3530,0.2610302291363572
3531,0.9354959149613611
3532,0.06485650732260492
3533,0.2888931051069515
3534,0.6970559254497298
3535,0.07480370992093686
3536,0.2911832260170844
3537,0.7250352265121346
3538,0.540800700794135
3539,0.4190619254619777
3540,0.3334248093671573
3541,0.3475321212486212
3542,0.17234596939333327
3543,0.7263312514550238
3544,0.4028152822023524
3545,0.42568030159692766
3546,0.3310137023754928
3547,0.29988142092516723
3548,0.8454654164965563
3549,0.2885852120356704
3550,0.4753718787671362
3551,0.704343733409962
3552,0.2473767362821495
3553,0.3625323802140522
3554,0.19752171946229702
3555,0.3170848042256422
3556,0.6036369420435221
3557,0.359900675956935
3558,0.2662848252465805
3559,0.45424969854333214
3560,0.5968007763076714
3561,0.5168639546943736
3562,0.3846838520478326
3563,0.26336522638263316
3564,0.8866915147218601
3565,0.47713502028844046
3566,0.14519064264285145
3567,0.294425466854621
3568,0.577935271011338
3569,0.295185283538433
3570,0.18093153884954535
3571,0.34464144903502014
3572,0.8255075262971002
3573,0.6523972329653199
3574,0.4147154096467933
3575,0.806327933590236
3576,0.6656185345353048
3577,0.4153174892018666
3578,0.2949103827996192
3579,0.3164055626527999
3580,0.6765600886810967
3581,0.5742247745357563
3582,0.8752856507211122
3583,0.6345168154535784
3584,0.28921886669528396
3585,0.3518191187750824
3586,0.011379199241816015
3587,0.30348964598844763
3588,0.3149203639638354
3589,0.2129788579359631
3590,0.6148240447157075
3591,0.4325709721175345
3592,0.8880241521295652
3593,0.23025007624927926
3594,0.1333583598157258
3595,0.4205750023466157
3596,0.26545537644199724
3597,0.3012785134172888
3598,0.39705114777326306
3599,0.6401764934309689
3600,0.442492768454164
3601,0.36752248620610883
3602,0.47278844697294575
3603,0.10993564857006614
3604,0.8153619155272238
3605,0.2638045030763948
3606,0.43564181034940236
3607,0.2857700658801732
3608,0.3390762299431711
3609,0.27745770227134064
3610,0.3291440777789803
3611,0.5466593532603777
3612,0.8027737016359207
3613,0.2781304455939743
3614,0.38424051670252235
3615,0.2717371147707201
3616,0.4792355956182295
3617,0.6335595979847078
3618,0.6894030677432481
3619,0.22610411820519283
3620,0.30399894867332067
3621,0.5431194147825594
3622,0.18121771160441374
3623,0.5361697120687757
3624,0.22610171195577017
3625,0.470094031326674
3626,0.6147659096403758
3627,0.41827541755139375
3628,0.7530508473177988
3629,0.09773174186846798
3630,0.5862388372160843
3631,0.4155955233914314
3632,0.620890868454629
3633,0.34456155731877697
3634,0.21335338471249804
3635,0.466255930235065
3636,0.42752343036513785
3637,0.18262325644675861
3638,0.828398722585138
3639,0.7892900801669636
3640,0.5892689671685347
3641,0.4089202877960456
3642,0.8424983737357649
3643,0.21901138666964046
3644,0.29979482457849477
3645,0.3324386007495164
3646,0.308490128185001
3647,0.21818691717735808
3648,0.8287590899438261
3649,0.16346329952793634
3650,0.3723603236761131
3651,0.5737732549105236
3652,0.8520997908825992
3653,0.3519560394555829
3654,0.3279917906984548
3655,0.34279694343380024
3656,0.47734811810426714
3657,0.4595391326857564
3658,0.32508819395096056
3659,0.27172928565457183
3660,0.36608570816999614
3661,0.5213771783590501
3662,0.22329654799508947
3663,0.6663375765118343
3664,0.4799623231532641
3665,0.9047088563203985
3666,0.7012696100756103
3667,0.2804421822703742
3668,0.2263926929039363
3669,0.62531727517282
3670,0.18501292279955805
3671,0.6370578148341988
3672,0.07058646986569744
3673,0.42942466744843244
3674,0.33180244607061254
3675,0.49589112250257095
3676,0.11078439881222646
3677,0.3644796988519043
3678,0.29829891306332945
3679,0.0
3680,0.2774301502096339
3681,0.5397387813942005
3682,0.7308310972689364
3683,0.27114794461799185
3684,0.5306076790651841
3685,0.699178031224686
3686,0.42203168414936765
3687,0.4640039729766033
3688,0.14100303704112754
3689,0.7982939466932062
3690,0.5935389909844107
3691,0.2257086214348174
3692,0.5442840283252927
3693,0.34792440807307723
3694,0.49664850857640686
3695,0.9842801225325906
3696,0.6404785440080456
3697,0.6556974514568853
3698,0.23861671571299573
3699,0.27091682345959917
3700,0.21432715258376148
3701,0.13987210123060337
3702,0.3326294969299874
3703,0.4776882399639085
3704,0.7742437352938173
3705,0.411669571483942
3706,0.32162696084364495
3707,0.15122264108702183
3708,0.17277653409157995
3709,0.27031057363705147
3710,0.2343438531824388
3711,0.30339936290855807
3712,0.5358868738909698
3713,0.2819867005945081
3714,0.21292378351784289
3715,0.3013481272485859
3716,0.13025619443604314
3717,0.24778820747519473
3718,0.1804369065730139
3719,0.35144388248639297
3720,0.39574737328210613
3721,0.5272510273554962
3722,0.2318332325432891
3723,0.5471076453123436
3724,0.4297486994811016
3725,0.30719139077021707
3726,0.47223369375056307
3727,0.867605118036773
3728,0.3142312727423963
3729,0.7155288229152168
3730,0.3133979366602289
3731,0.47668930027051176
3732,0.5998559606747206
3733,0.9994076410874181
3734,0.20773735835292373
3735,0.3198819824773152
3736,0.40702460884644653
3737,0.6412246380028238
3738,0.28972255055327173
3739,0.49335963495049046
3740,0.5026662575158123
3741,0.6845499555718036
3742,0.24835640478134396
3743,0.1428816766909239
3744,0.34593669613185396
3745,0.3655570230794017
3746,0.34639106439164047
3747,0.14980028336100115
3748,0.30804942100384847
3749,0.7108714085926192
3750,0.13243741490710478
3751,0.6856908317533249
3752,0.1683114747805248
3753,0.6996656015276195
3754,0.2841189131825125
3755,0.6288204402382637
3756,0.8099977310061454
3757,0.10602277786080859
3758,0.36572169948242117
3759,0.4428916746661166
3760,0.32050451930078844
3761,0.6721378495682968
3762,0.23553490925917678
3763,0.25818347132408836
3764,0.7065717719970025
3765,0.10122942657944538
3766,0.4398711289576878
3767,0.8572096381415316
3768,0.7565663905620713
3769,0.5931841836650528
3770,0.8244473954513377
3771,0.23730530109272216
3772,0.6153342942938765
3773,0.5406594216140195
3774,0.3104859870194668
3775,0.9605904722335725
3776,0.80658958514382
3777,0.6048378620537506
3778,0.2699284649367762
3779,0.1014161526803844
3780,0.23527002862965543
3781,0.3191545167832584
3782,0.34414996848050855
3783,0.25945277693366303
3784,0.16247499872654786
3785,0.628985417539263
3786,0.19232335050482438
3787,0.7773770560312272
3788,0.2772116878182858
3789,0.47608098273725213
3790,0.39611683255283686
3791,0.14077385332389866
3792,0.5230894724171377
3793,0.7637822614526634
3794,0.31248738579841473
3795,0.5604206752695641
3796,0.16233048132039413
3797,0.6502073242051226
3798,0.4576399041461211
3799,0.17455970121220482
3800,0.2311928768687726
3801,0.22114290401119857
3802,0.23280336355472095
3803,0.37920395963336817
3804,0.30985825108536846
3805,0.34882715720203616
3806,0.6967608577838617
3807,0.2850110444712566
3808,0.5585265280167185
3809,0.30626308484006665
3810,0.4017356547114051
3811,0.5945786582172045
3812,0.3231160185254495
3813,0.6791939534015851
3814,0.44000912056551494
3815,0.575478115667662
3816,0.3264294781991201
3817,0.0717930989441112
3818,0.3295266617608384
3819,0.13777383417907332
3820,0.6414045843989231
3821,0.5901321168346723
3822,0.30252778380006345
3823,0.21331998464990154
3824,0.18989516021431144
3825,0.5632927128787618
3826,0.12039380263582083
3827,0.30036755800235654
3828,0.2058540089110957
3829,0.8399325258667005
3830,0.9608159671357999
3831,0.2684616509348191
3832,0.2825359229612197
3833,0.18707267923036344
3834,0.3775722744032563
3835,0.3241150974277075
3836,0.3144115416907762
3837,0.24050301558848974
3838,0.7619248753673217
3839,0.45933213285096
3840,0.8053385409629006
3841,0.32100613905567765
3842,0.1759551394626706
3843,0.4375080040933213
3844,0.6229348963126841
3845,0.3048033861340988
3846,0.15497213673169705
3847,0.2505100910634153
3848,0.17801001321298693
3849,0.7643528131668104
3850,0.25525904312113307
3851,0.32345151705261266
3852,0.7516890658894184
3853,0.2046439377890499
3854,0.1772355244350122
3855,0.3220728452743835
3856,0.45332549439999176
3857,0.2629350832776225
3858,0.41927492559898005
3859,0.480597173316976
3860,0.7818744211223319
3861,0.281252701844155
3862,0.4468396652260161
3863,0.7946072495943071
3864,0.8289402688209543
3865,0.8555348827706831
3866,0.1763454347972942
3867,0.40671359742151886
3868,0.5351658143527565
3869,0.7699346955893887
3870,0.412478880831339
3871,0.46076699511216734
3872,0.6330614616682638
3873,0.17725502333676546
3874,0.15409883902241678
3875,0.25444862556986425
3876,0.46920081549370823
3877,0.36634109213423643
3878,0.6092449349792178
3879,0.6731189645326314
3880,0.2620303669997097
3881,0.3395003118872668
3882,0.21240975691904646
3883,0.2779353003583702
3884,0.25307673694852173
3885,0.679874411545013
3886,0.590419356115307
3887,0.5863392057179102
3888,0.4922986161740194
3889,0.35108059634348643
3890,0.6973602343721422
3891,0.31152927053948387
3892,0.0791846705694201
3893,0.2629782551958968
3894,0.1929930114931292
3895,0.14567578616434154
3896,0.2321218613065409
3897,0.20431311921085785
3898,0.6721008090881885
3899,0.253820366994162
3900,0.676618781280619
3901,0.7155541854365403
3902,0.4230571594436317
3903,0.18744999072664567
3904,0.2664687710581105
3905,0.4473433674630373
3906,0.69104597890438
3907,0.19179066990179058
3908,0.24097854495447749
3909,0.7623811455381824
3910,0.2861359471503033
3911,0.14335391057244995
3912,0.45078764287151973
3913,0.9168749505084266
3914,0.4799330789191228
3915,0.3144363984619814
3916,0.5026755896833085
3917,0.7009570493757972
3918,0.7031584999337855
3919,0.5337238236605263
3920,0.9259712814154577
3921,0.2520176316285679
3922,0.3049331081227643
3923,
3924,0.2917811307505171
3925,0.4788009268780587
3926,0.41147434108057557
3927,0.381963774206584
3928,0.38141305843667533
3929,0.5413390618000223
3930,0.8551615625759263
3931,0.2878716717774851
3932,0.5543338343583235
3933,0.5263555075542607
3934,0.3300692606389489
3935,0.5302272466284387
3936,0.13788837195380635
3937,0.3533496317701698
3938,0.8044727787002837
3939,0.23604736723170774
3940,0.3584023635923355
3941,0.023867989007079024
3942,0.30146546796993123
3943,0.38633786875440396
3944,0.26669582471747455
3945,0.5444169255984829
3946,0.2771772410693572
3947,0.15057783091658344
3948,0.5011556850231592
3949,0.5707192257867703
3950,0.3427176047280594
3951,0.06360378609331097
3952,0.37101100950786176
3953,0.7073513381303508
3954,0.6356520619745887
3955,0.642761865233081
3956,0.15171366855630283
3957,0.20109865780201822
3958,0.4034603889469608
3959,0.3865049594853197
3960,0.8788161683933531
3961,0.7676314706316478
3962,0.6622952603243152
3963,0.21145652499529283
3964,0.4079166298656215
3965,0.5346446766088151
3966,0.23129424259353343
3967,0.37501067599512766
3968,0.8683004373249209
3969,0.41362931985627976
3970,0.5543679255727789
3971,0.09007180340896301
3972,0.4993738468392951
3973,0.9735882399992288
3974,0.5425778273438306
3975,0.5500913226781158
3976,0.539089295404731
3977,0.31926107732654546
3978,0.4005598867242893
3979,0.9317552631977449
3980,0.2342195653567058
3981,0.31008720725847677
3982,0.4759232830604933
3983,0.3523318416221332
3984,0.2598524913292749
3985,0.13592959324928475
3986,0.1827846681081205
3987,0.41389438730874567
3988,0.21786429093870613
3989,0.5293908004000761
3990,0.23112755445477048
3991,0.17642953669957287
3992,0.211680132501765
3993,0.39698479481738164
3994,0.42650492993149175
3995,0.25157281579811236
3996,0.5903785775741711
3997,0.4405844946359987
3998,0.8389133694898204
3999,1.0002280730025297
4000,0.13405574917316349
4001,0.3593662830538921
4002,0.5893244972483952
4003,0.039364584648213886
4004,0.23655497483776342
4005,0.3471506166415584
4006,0.5764646114174506
4007,0.4731009205763159
4008,0.5399608151809391
4009,0.33071607584201845
4010,0.3550853383819461
4011,0.24822527826733523
4012,0.32934954619962337
4013,0.5698765982627398
4014,0.2856764912498304
4015,0.642355885769519
4016,0.3061423546325546
4017,0.6456053356774966
4018,0.6473778661541827
4019,0.784919634999032
4020,0.27545704069698435
4021,0.9350594994047708
4022,0.6770054194016233
4023,0.2332477302102841
4024,0.5165688777346962
4025,0.6813987672847054
4026,0.7764105262378009
4027,0.5540136660191725
4028,0.41134645624104293
4029,0.2600732948197689
4030,0.16710715192454847
4031,0.13502166959521159
4032,0.30008140820618967
4033,0.24681607905104824
4034,0.660244227274459
4035,0.16541429129509475
4036,0.41752042608546075
4037,0.3568656069186549
4038,0.20414069308569974
4039,0.24189738350202378
4040,0.8836531941798884
4041,0.4025054708013485
4042,0.30236938890790593
4043,0.2776576906023245
4044,0.34236621822392943
4045,0.6343047500992961
4046,0.4714263023429443
4047,0.12446380232828065
4048,0.7040676745423183
4049,0.5464955856077598
4050,0.1545476891359169
4051,0.33583787463219705
4052,0.3559100515600118
4053,0.23988332868017428
4054,0.23645448482176715
4055,0.6042970494819669
4056,0.7000050964652325
4057,0.26478473008048237
4058,0.4282889445681826
4059,0.9342366965315494
4060,0.23935068226127132
4061,0.8038690187038562
4062,0.38201712018255285
4063,0.13111558487860567
4064,0.49601162578288466
4065,0.7998544494512464
4066,0.523980220494667
4067,0.37474432043883577
4068,0.2081008897248347
4069,0.42799502295216607
4070,0.33487543456244084
4071,0.5382943387401431
4072,0.43160627093407883
4073,0.27611421618129994
4074,0.27971881512624114
4075,0.36345212500047536
4076,0.8071600873007628
4077,0.5651608379980958
4078,0.7560756382944596
4079,0.6445924590809545
4080,0.5206319048820279
4081,0.3656019760324026
4082,0.5033448122018864
4083,0.17620341850483145
4084,0.73782987794
4085,0.6105004257575283
4086,0.3502689796518396
4087,0.502158753684934
4088,0.1897468001293315
4089,0.30003577318970215
4090,0.7146265442382902
4091,0.5746452742474524
4092,0.49139057537839503
4093,0.6500730344668739
4094,0.6145205973495492
4095,0.23428996189208057
4096,0.5295539201706405
4097,0.8770217948681921
4098,0.29373245050198393
4099,0.7034143870839177
4100,0.554769959065902
4101,0.2719526253940485
4102,0.36589087585401564
4103,0.28951117605232796
4104,0.36112107523949283
4105,0.5612710824542406
4106,0.17525662593656371
4107,0.29097869807053556
4108,0.37641898131004403
4109,0.41026168482531733
4110,0.3657978052738116
4111,0.3447545285502226
4112,0.19759753125092241
4113,0.19304656473911883
4114,0.5796312802751304
4115,0.9043562441369466
4116,0.6218190104646216
4117,0.7724031675354476
4118,0.3986169232170075
4119,0.5581566623723352
4120,0.37869121708175324
4121,0.9551126654515797
4122,0.42344832284254785
4123,0.19387895224396556
4124,0.9807219393659206
4125,0.3341032611518498
4126,0.3943823838535338
4127,0.2025991564575989
4128,0.4437457332483091
4129,0.24531909619218084
4130,0.5461937658468262
4131,0.5018079966841872
4132,0.3401257358286719
4133,0.2579359810488488
4134,0.556807397722912
4135,0.41273629806232426
4136,0.441725669455257
4137,0.2638200766251603
4138,0.5738435565470987
4139,0.16295997817834543
4140,0.5464368517458198
4141,0.36243901365594156
4142,0.1492700104585105
4143,0.06492105190527371
4144,0.8932305384086365
4145,0.9486107599975724
4146,0.14382937033566714
4147,0.5807316213478719
4148,0.5538069834897583
4149,0.6285409340957914
4150,0.32564440173896325
4151,0.4995475417015441
4152,0.7399567014204181
4153,0.6867251082891396
4154,0.27760427672567345
4155,0.2749596279787648
4156,0.2609877003712391
4157,0.2980188034161112
4158,0.40212290275204965
4159,0.2827942034009882
4160,0.3660147317063664
4161,0.47314210718187333
4162,0.6702842980994799
4163,0.29972546567810754
4164,0.3856470844382867
4165,0.3154297756834077
4166,0.15958811901802664
4167,0.7279391834266249
4168,0.40418451990677146
4169,0.3563352922050697
4170,0.12209724015432823
4171,0.5557828595065446
4172,0.26434233074480323
4173,0.6479672516840462
4174,0.6077772849404005
4175,0.26761870949617766
4176,0.37515887146825355
4177,0.2591619643739122
4178,0.2274575214618319
4179,0.18450711823551477
4180,0.28710418565928714
4181,0.24673708048460652
4182,0.5006303391882989
4183,0.2483712894446472
4184,0.2391774222806206
4185,0.04762615728203338
4186,0.5147934104782343
4187,0.25902712448302107
4188,0.716505559710457
4189,0.39726154478778963
4190,0.3389673576989686
4191,0.4703967748442295
4192,0.660984847075118
4193,0.8128534522208187
4194,0.7327726774665624
4195,0.5866833724148974
4196,0.533868660142217
4197,0.3939164493666666
4198,0.25649134465402745
4199,0.2815438906831826
4200,0.7659667555522599
4201,0.6443246783703304
4202,0.3897388891772394
4203,0.6384869958028211
4204,0.5079672378029775
4205,0.30855467602679254
4206,0.9324658373569926
4207,0.5299264302408432
4208,0.2034345975978885
4209,0.2807183726054163
4210,0.3461377459225044
4211,0.5507986139300558
4212,0.6296542960860804
4213,0.4117685638913975
4214,0.4400602753081152
4215,0.4070764551935281
4216,0.3263399550975957
4217,0.1979563000122277
4218,0.38879463106814116
4219,0.6696402460993208
4220,0.5657386708944282
4221,0.7512827639836489
4222,0.8234123359662624
4223,0.35754753243761106
4224,0.07592613412163116
4225,0.31906035541350014
4226,0.39874452491973117
4227,0.32012532001731364
4228,0.1544683395851945
4229,0.6146803046266128
4230,0.4385005462819234
4231,0.2788082112548965
4232,0.7042799930643816
4233,0.5106138860116569
4234,0.3926778524365071
4235,0.6005399736172965
4236,0.3740260230945177
4237,0.7754973216489074
4238,0.7365445819859417
4239,
4240,0.22458049099574479
4241,0.28750920384395245
4242,0.3922423178754817
4243,0.3342058133338718
4244,0.24542091511942704
4245,0.5066542908750155
4246,0.7209100294601899
4247,0.798219031323203
4248,0.1632875506785158
4249,0.765988973579718
4250,0.21352527604725713
4251,0.36652775799523374
4252,0.20469796938497872
4253,0.31496072378151413
4254,0.1725473294765732
4255,0.45537460285692843
4256,0.17868447139162288
4257,0.5145505272940089
4258,0.43656153616082893
4259,0.9475572316479549
4260,0.3215287154318203
4261,0.42317627771291183
4262,0.26743998271619634
4263,0.8193043619659177
4264,0.43050651714630567
4265,0.22343205136489971
4266,0.9086588977958306
4267,0.4730337944089239
4268,0.19197619416572992
4269,0.3927629890754565
4270,0.09658843491061907
4271,0.591869676498139
4272,0.23005264278746515
4273,0.7436454020013781
4274,0.5916825776365943
4275,0.2560354025419891
4276,0.35073154569509885
4277,0.6470860526082046
4278,0.5172200759362583
4279,0.8537010573096067
4280,0.4388930699452907
4281,0.6296081244653918
4282,0.40241875809916805
4283,0.36298404566130277
4284,0.9039400559682195
4285,0.6523720668399877
4286,0.4887039539385513
4287,0.5538061077154848
4288,0.42670441220620825
4289,0.6965191761906779
4290,0.2014715277071673
4291,0.2867691275082199
4292,0.5868244369040367
4293,0.43061320466581154
4294,0.2544860792449383
4295,0.23650611770448926
4296,0.49165674163075357
4297,0.18870429616220785
4298,0.3940964010519375
4299,0.46869906488778645
4300,0.30077187738713645
4301,0.3271969693608106
4302,0.24018668397913773
4303,0.4804742217376813
4304,0.586281700722602
4305,0.5826969478021873
4306,0.46820454675023154
4307,0.0353686855414734
4308,0.23047720764612095
4309,0.2826302459526544
4310,0.24859730319453885
4311,0.6135435322209738
4312,0.38355179067507256
4313,0.4904996402391465
4314,0.42712710701033824
4315,0.16191649823742207
4316,0.3049826211559451
4317,0.4924186754785518
4318,0.3642563445388319
4319,0.5809959049842516
4320,0.3611052676737714
4321,0.13442863369967392
4322,0.2479085612995153
4323,0.3483485757752422
4324,0.47623674263666604
4325,0.6013988585345023
4326,0.49994924313472366
4327,0.769543810247116
4328,0.36389502308391325
4329,0.0384718132337061
4330,0.641284265418485
4331,0.1122667812803244
4332,0.6831938142334691
4333,0.5568876050495001
4334,0.31171016916194794
4335,0.07835387882286757
4336,0.6766160340447314
4337,0.43784347247157174
4338,0.1791957650015051
4339,0.20572191652908214
4340,0.36603370792599355
4341,0.7288739560254859
4342,0.6180313476289233
4343,0.08278811228035445
4344,0.39260134735499075
4345,0.07782166050777112
4346,0.21267254771009694
4347,0.33499015707481233
4348,0.5234283407910094
4349,0.6988799378645534
4350,0.4934652043518731
4351,0.3365206400990205
4352,0.33410249667155667
4353,0.4923707136538364
4354,0.43123566824923293
4355,0.1647445883198935
4356,0.7235975138508886
4357,0.5339786773327059
4358,0.31642339205470726
4359,0.5883804179031777
4360,0.47429404024352173
4361,0.6314084326933471
4362,0.407620237023497
4363,0.6177478493669266
4364,0.17239126789964282
4365,0.36785911887666733
4366,0.25812332643977287
4367,0.5927522084749156
4368,0.2945786395836135
4369,0.5468574823493796
4370,0.3099907593335419
4371,0.6177999041229035
4372,0.649219052753166
4373,0.5789056209677977
4374,0.4568448174631603
4375,0.67544030127766
4376,0.5565341091055863
4377,0.1931946062190833
4378,0.3970872172325588
4379,0.2275090561668803
4380,0.3778761690407124
4381,0.4884134056845635
4382,0.4522601918272674
4383,0.9020701629850761
4384,0.38607402093710863
4385,0.34998060137465276
4386,0.22104488583380502
4387,0.6453107229207122
4388,0.7066659832444196
4389,0.6307112416288264
4390,0.6836069774432748
4391,0.38912179990714946
4392,0.5706943484505491
4393,0.07897121677537729
4394,0.599540703555879
4395,0.6723527701800134
4396,0.5203326613292486
4397,0.28035072017467133
4398,0.6842263267680696
4399,0.05861025958690866
4400,0.4502738683267293
4401,0.12015370190258512
4402,0.1920308823414344
4403,0.3670464233043081
4404,0.2677177032358142
4405,0.6968513981714022
4406,0.37472745502654964
4407,0.5861924054849658
4408,0.6451013740478564
4409,0.6204677783034737
4410,0.7269838857131445
4411,0.4198208598991968
4412,0.08711123998325021
4413,0.3060935857642367
4414,0.5332051533518101
4415,0.4021758373550165
4416,0.7328209565419416
4417,0.3408573503023349
4418,0.4626822375457299
4419,0.27403386737992796
4420,0.6648974573572846
4421,0.5695540734906788
4422,0.6916156300054909
4423,0.061297532253314364
4424,0.8289191047087786
4425,0.06739904347468825
4426,0.5034673118200889
4427,0.38338722934103714
4428,0.514583907526404
4429,0.37071765348564634
4430,0.44659821126658905
4431,0.43376094662712955
4432,0.25791876313941337
4433,0.27478228140516264
4434,0.3291680283768956
4435,0.3933177855375699
4436,0.2815171235424357
4437,0.12623189839829915
4438,0.2591493811421415
4439,0.6306564897702498
4440,0.34135198760235214
4441,0.14076663706987902
4442,0.1207813055775061
4443,0.18176338882701262
4444,0.7284164064427213
4445,0.47687743491824003
4446,0.2712593556428161
4447,0.34990217791176664
4448,0.0870846535691981
4449,0.08457211741446963
4450,0.16815035376395784
4451,0.4927723930317475
4452,0.6418543531912244
4453,0.2684528518250813
4454,0.7000132878961665
4455,0.6072280874206586
4456,0.4418292214098911
4457,0.12717808988992108
4458,0.15215952024029822
4459,0.3332230255361486
4460,0.37727093019708613
4461,0.36422314390466737
4462,0.6493814889574082
4463,0.5658089760872566
4464,0.41598994980459236
4465,0.5576913926522935
4466,0.4733573923673096
4467,0.31162961988958643
4468,0.7041684050647479
4469,0.5828494752483647
4470,0.1938890948933312
4471,0.3312413228752488
4472,0.7730789663903117
4473,0.2940761640971082
4474,0.13988306925127333
4475,0.5770712414507875
4476,0.13823052874840547
4477,0.27404840746302106
4478,0.8548785257137629
4479,0.4684331268236734
4480,0.3978923604780684
4481,0.2490819802667188
4482,0.4742951230532748
4483,0.2798557667919913
4484,0.5524155912363111
4485,0.1984920734360333
4486,0.47228984087302156
4487,0.43216679263573476
4488,0.23719935865541064
4489,0.27577754491103523
4490,0.35979966039517397
4491,0.27867182437000926
4492,0.5059791479722117
4493,0.8418210706539517
4494,0.3241990166962929
4495,0.506067331436009
4496,0.2972829293234407
4497,0.9426795708341253
4498,0.576860542631908
4499,0.6714420414056046
4500,0.5955783608174204
4501,0.1417862800248572
4502,0.3116023685891666
4503,0.5496452700405998
4504,0.3817357352982489
4505,1.0270300900690257
4506,0.5904726970912455
4507,0.17743452067035206
4508,0.22309477054940102
4509,0.23604496366705632
4510,0.30506789122847167
4511,0.1058787224701207
4512,0.9040293441491284
4513,0.06635387356611633
4514,0.27529707507314644
4515,0.4327388790911936
4516,0.4380472992954159
4517,0.32308088590413697
4518,0.7400336675332662
4519,0.2554196302076839
4520,0.3781552188470439
4521,0.6359150730570282
4522,0.2439104552886989
4523,0.2526689375652557
4524,0.6054409514930504
4525,0.6587212129138489
4526,0.39379615427753356
4527,0.32102248922102944
4528,0.6442928354465867
4529,0.38604675268905897
4530,0.7792081273062894
4531,0.7602817218393193
4532,0.5060212423741015
4533,0.5078014658350056
4534,0.8578782332585012
4535,0.07364531026642376
4536,0.692607921190588
4537,0.42026216170117603
4538,0.3459900909478174
4539,0.8794437522402206
4540,0.3055167301708379
4541,0.30706833863316385
4542,0.024553650662829486
4543,0.43354825882345216
4544,0.2186848746906458
4545,0.29337401784343886
4546,0.27210182182126885
4547,0.5848866735885011
4548,0.29242829136617016
4549,0.49904866046002655
4550,0.3410624062174155
4551,0.8428255154599227
4552,0.22650162812244526
4553,0.8983460270705829
4554,0.5388176283983583
4555,0.22278487397710772
4556,0.32812238661961235
4557,0.3002097894438872
4558,0.39959759430691133
4559,0.19845486647460098
4560,0.38284811517081546
4561,0.28144451762378325
4562,0.6261183231885918
4563,0.6713567743658037
4564,0.27155174127800147
4565,0.7934255796918475
4566,0.4344747153987766
4567,0.5263734114403065
4568,0.2207443302126739
4569,0.7013805746479169
4570,0.397894054023705
4571,0.5926224833616145
4572,0.41937339542906527
4573,0.3589822602090308
4574,0.4602816504767773
4575,0.9113457319496445
4576,0.3499988183724365
4577,0.7516706095259559
4578,0.11773243412978074
4579,0.1837660700086746
4580,0.45793116440295967
4581,0.2048337687886582
4582,0.5035179549328339
4583,0.9549310702967329
4584,0.3947108087564272
4585,0.5551682003315377
4586,0.380520765154026
4587,0.3572809971564239
4588,0.4530113540500388
4589,0.3838512670800574
4590,0.5523039607356233
4591,0.5297718964842699
4592,0.32411767506188244
4593,0.5138721417739174
4594,0.6724864856047214
4595,0.5902011748993432
4596,0.5328607334440144
4597,0.9057534941387536
4598,0.41433095298598505
4599,0.41301676207060095
4600,0.6466463514597305
4601,0.49853142783789095
4602,0.24458486426870446
4603,0.3157673418995713
4604,0.728743635474798
4605,0.35819417659565833
4606,0.45388950291079677
4607,0.11581945284930664
4608,0.20100107929759226
4609,0.9225450560019984
4610,0.5370282827806814
4611,0.7730074445596248
4612,0.36603625623195346
4613,0.3429170615666019
4614,0.16751216742932956
4615,0.43810476348045957
4616,0.1626930960596297
4617,0.08193045819311025
4618,0.2049741354951478
4619,0.9124173836710325
4620,0.7145387851539503
4621,0.6331862935118938
4622,0.9100075906386118
4623,0.6260272558365375
4624,0.23117099339017894
4625,0.23712366123633344
4626,0.5333987270940097
4627,0.8057868133380653
4628,0.36582325744171196
4629,0.5864209262745682
4630,0.24632423771765385
4631,0.1865381443306267
4632,0.21839354102504183
4633,0.2638345994946138
4634,0.1638652852275463
4635,0.22366099417081586
4636,0.6711563237533985
4637,0.8001659755294521
4638,0.28631195498661854
4639,0.32512674923327767
4640,0.18253462522413771
4641,0.41505621370297335
4642,0.2558995385768818
4643,0.23444131909242663
4644,0.45569446876635367
4645,0.7130826027696833
4646,0.341676725211487
4647,0.5861651288557052
4648,0.6856776259766854
4649,0.5247439671820671
4650,0.19875590419326625
4651,0.2736041493394325
4652,0.3511568853774211
4653,0.34393434866856715
4654,0.6328538025052015
4655,0.6326630189654724
4656,0.1712281870066771
4657,0.08866433243332679
4658,0.603568385938857
4659,0.539929543511979
4660,0.3339591618280553
4661,0.7095976844315397
4662,0.3946123127134834
4663,0.39025274775955676
4664,0.1502222368420448
4665,0.6800857519731619
4666,0.09757909791334042
4667,0.19132663239051953
4668,0.42031083215909604
4669,0.48389288487494625
4670,0.20046851670445934
4671,0.5567575652318095
4672,0.2203946235707142
4673,0.5346600141026824
4674,0.3011762622405337
4675,0.449252722456612
4676,0.35415428016876466
4677,0.8141676168888018
4678,0.23643592360810353
4679,0.31169715836023393
4680,0.42844797911655674
4681,0.37522576621690484
4682,0.26311573861152787
4683,0.32579809465561743
4684,0.8079324138549223
4685,0.2167452083776682
4686,0.5402954745772118
4687,0.3955299779200209
4688,0.330952896077097
4689,0.08623493105272265
4690,0.12326394868666034
4691,0.4742634810448998
4692,0.49012362198366194
4693,0.14987163502690046
4694,0.3153129901197529
4695,0.4203860474013264
4696,0.5360117908267698
4697,0.5961669438615496
4698,0.36438856697132643
4699,0.5048705480599511
4700,0.46658192959104416
4701,0.4063932009702401
4702,0.19993545006172864
4703,0.4333553858771498
4704,0.6972099847397202
4705,0.6016725087000965
4706,0.4969631859313467
4707,
4708,0.2563307710649345
4709,0.5628019850858633
4710,0.5512051063665889
4711,0.6479966183814474
4712,0.8553744499574072
4713,0.33918462841126806
4714,0.9020861106907084
4715,0.3881209473247999
4716,0.18016936056161656
4717,0.22337478082834258
4718,0.23857376603769398
4719,0.6920226319773004
4720,0.3281088102145728
4721,0.39943829538344855
4722,0.47915787252532366
4723,0.16140399392425606
4724,0.30195790459913496
4725,0.2088042842932738
4726,0.4715697249994424
4727,0.2644588218683348
4728,0.20394230505518426
4729,0.6265292339311229
4730,0.4291885804383698
4731,0.7344312927181259
4732,0.8828765484537187
4733,0.24873269858562227
4734,0.4204997610600491
4735,0.47398969482157854
4736,0.2457899887193544
4737,0.4379928827255068
4738,0.652462567246952
4739,0.24133479262783802
4740,0.40506928981860957
4741,0.25506518706614323
4742,0.4227830806889046
4743,0.7240018703393135
4744,0.20939972293392567
4745,0.5474850138390908
4746,0.42116169362842026
4747,0.04253054832744097
4748,0.8293225033855341
4749,0.2680518086932184
4750,0.6288473519168656
4751,0.21678579587321417
4752,0.8296257743589028
4753,0.7024758496122281
4754,0.46200524926383973
4755,0.8261713896043761
4756,0.34994389160342515
4757,0.23482136884797297
4758,0.9415471521573431
4759,0.5106385933653125
4760,0.4974727809881132
4761,0.49285323944928966
4762,0.5855839738768616
4763,0.18590052705161342
4764,0.510882960416476
4765,0.1720772786089321
4766,0.6790677672208378
4767,0.6012447772797312
4768,0.4450649484997308
4769,0.2727431661086775
4770,0.0993772921265235
4771,0.849077188694914
4772,0.15745454476601486
4773,0.3001671562174312
4774,0.3609506167800343
4775,0.4754227266928328
4776,0.23367661270282042
4777,0.8135212812405338
4778,0.3447752183696617
4779,0.2347307285278617
4780,0.5616727278458902
4781,0.42904004744489915
4782,0.29915444691351767
4783,0.5692796856947752
4784,0.2641671356505011
4785,0.3337670834983037
4786,0.31654915883169027
4787,0.6160385498016486
4788,0.4997753427589832
4789,0.7351502051195072
4790,0.6410950518390472
4791,0.5883551488119554
4792,0.5175740807186239
4793,0.5152419719180442
4794,0.431404922206984
4795,0.24226184315758503
4796,0.16751114334571435
4797,0.6109727078556506
4798,0.32822611284299663
4799,0.3661648124666714
4800,0.5627768545793307
4801,0.45071232204694045
4802,0.25857406995589655
4803,0.16700375066026898
4804,0.2978915568375351
4805,0.5133625170638011
4806,0.1346810574254873
4807,0.9447030220135445
4808,0.5085016718170693
4809,0.4784648318120602
4810,0.6064365211430843
4811,0.16427192977654015
4812,0.10784387112933813
4813,0.19553896022154452
4814,0.3571330952301398
4815,0.5728611469057184
4816,0.36766337810955196
4817,0.7007081877787494
4818,0.3029064688874204
4819,0.3372821407742709
4820,0.50877818025732
4821,0.32218877906232846
4822,0.04438289595303542
4823,0.3907242533803913
4824,0.50017968158623
4825,0.13049394219800195
4826,0.3105468840192491
4827,0.37613572718046256
4828,0.28567521712787225
4829,0.5639525364948609
4830,0.4002290599380877
4831,0.270629236824504
4832,0.2893327730701531
4833,0.3842359298037977
4834,0.4073124833703143
4835,0.48807443410859724
4836,0.870451441829335
4837,0.2615196773524063
4838,0.9629731645081363
4839,0.47897874839752513
4840,0.11896085432038685
4841,0.6580577936521368
4842,0.745138450180624
4843,0.7044932324216324
4844,0.7763461174883612
4845,0.5491865732319837
4846,0.3941444980132853
4847,0.7011689658093846
4848,0.699828571739681
4849,0.6084370432540888
4850,0.534682181034382
4851,0.282692151327989
4852,0.4628386901406216
4853,0.5295357447587498
4854,0.8116293151687384
4855,0.3255449785420133
4856,0.47377757464633474
4857,0.3958157068999366
4858,0.6743311168258539
4859,0.4592855940155442
4860,0.834742480506676
4861,0.6698389745349268
4862,0.6269547065351098
4863,0.3348370580081351
4864,0.6901533723969124
4865,0.3626633981087179
4866,0.3465938955875046
4867,0.3377472904135294
4868,0.4536523288531026
4869,0.33757205349713254
4870,0.2542596876519841
4871,0.33940011209678383
4872,0.08166432708706345
4873,0.11096775902706905
4874,0.9420126562328793
4875,0.333945613908802
4876,0.8340212855718079
4877,0.9253478099903346
4878,0.5341222520765786
4879,0.7630667311218001
4880,0.2113612928694847
4881,0.6312449096378028
4882,0.6996963921894751
4883,0.5563304835840531
4884,0.5610570227134066
4885,0.44671255645786695
4886,0.49819758787038254
4887,0.31069734789794645
4888,0.42111540857148955
4889,0.34909973304281744
4890,0.3094880953016814
4891,0.4429078720185485
4892,0.5708704944623427
4893,0.85084159339023
4894,0.4457889590576303
4895,0.29170952222246693
4896,0.32293963107350154
4897,0.8773015678970747
4898,0.23542489483584728
4899,0.24257150984025036
4900,0.7155264072604918
4901,0.3581384231157932
4902,0.5611099945662353
4903,0.3325012664457128
4904,0.48703910960549673
4905,0.8539690664383963
4906,0.9040024957196134
4907,0.530959510931484
4908,0.4879592434206179
4909,0.5162866513296205
4910,0.20974750911987766
4911,0.718389109497977
4912,0.6772491390677374
4913,0.49922879802182385
4914,0.42450042657606757
4915,0.3092411019440218
4916,0.31444465973964614
4917,0.11562590541294476
4918,0.6089163958390836
4919,0.6341968783346635
4920,0.5870579818695318
4921,0.8447650185122568
4922,0.3289835805811728
4923,0.4454063944380727
4924,0.28397622881196266
4925,0.6710105779257661
4926,0.043097276050819484
4927,0.45002154810381645
4928,0.39131215893066584
4929,0.30976652715505515
4930,0.47514330069343347
4931,0.6365794949439941
4932,0.2167743633559073
4933,0.31227056187375246
4934,0.34689039704250557
4935,0.14334268039522824
4936,0.2705200061268801
4937,0.28853321905776497
4938,0.022593952936716472
4939,0.06912816781098975
4940,0.3707487140259823
4941,0.40048209050490674
4942,0.3166808779494862
4943,0.3118751888876692
4944,0.4397496723843537
4945,0.46708451657608874
4946,0.4354311983848327
4947,0.20235933112749335
4948,0.39186506068252464
4949,0.3917630289975517
4950,0.8053689214380565
4951,0.6871217247547485
4952,0.33203159663233417
4953,0.04852676942313304
4954,0.30047623819906716
4955,0.4176855303105611
4956,0.8603908939208024
4957,0.20710074374571133
4958,0.1914170993071723
4959,0.8255094981738467
4960,0.03017950523532776
4961,0.09477452606067192
4962,0.6508789043071102
4963,0.4705458401335147
4964,0.7457207253822342
4965,0.6219073154248737
4966,0.5173543825728791
4967,0.5817220314040882
4968,0.30983495272453815
4969,0.5182328185282398
4970,0.12302663044201051
4971,0.3678381430724535
4972,0.441695581779752
4973,0.4101714354073844
4974,0.7290203004331186
4975,0.32758212740123727
4976,0.4327498765631911
4977,0.06511823314533353
4978,0.24467138583536258
4979,0.40510265953870966
4980,0.14902339521849278
4981,0.3296024807211113
4982,0.13100443018993785
4983,0.9205981915402924
4984,0.6630500490356819
4985,0.3459497875871891
4986,0.3808891948888432
4987,0.6663154198345109
4988,0.5079090535120827
4989,0.395213531702887
4990,0.2112133367863119
4991,0.3628601888562565
4992,0.2824832697279885
4993,0.15358416681992346
4994,0.4698509818732289
4995,0.5301473430146046
4996,0.5683719878869775
4997,0.6549603678083721
4998,0.09157608190105831
4999,0.24117987626276147
5000,0.5322308379407655
5001,0.5245547059148667
5002,0.5699491230847465
5003,0.29481057725198034
5004,0.4550776016289917
5005,0.1390392115515441
5006,0.5393265246569416
5007,0.6289539201750874
5008,0.23202945080567944
5009,0.9517209484380483
5010,0.4402292471018877
5011,0.9024972580940023
5012,0.387798354596294
5013,
5014,0.4130425440210409
5015,0.23966199334944155
5016,0.5034125394505683
5017,0.28157374335758795
5018,0.36531495741657927
5019,0.1626219776962808
5020,0.36439953814715664
5021,0.388943104494888
5022,0.5592240100607453
5023,0.4744190409295236
5024,0.19535199401201472
5025,0.5672258001007636
5026,0.8313933707111552
5027,0.4734023150156809
5028,0.37061897633999796
5029,0.3683584749208101
5030,0.10684511559612357
5031,0.4549566368518382
5032,0.671735770810009
5033,0.2505586830843421
5034,0.43428875279385143
5035,0.21472338521949644
5036,0.332849271882955
5037,0.5187554055638565
5038,0.3547102889840286
5039,0.3402935061123276
5040,0.3189936103630687
5041,0.5203629474112739
5042,0.14576259615453424
5043,0.4126384273126529
5044,0.5940687962369516
5045,0.9597350774273198
5046,0.1534181173294504
5047,0.37503234285265136
5048,0.4630501748309437
5049,0.6224087887273366
5050,0.2250537790182438
5051,0.4717024450777893
5052,0.8813444893575575
5053,0.7313933422053279
5054,0.5162484688993912
5055,0.4725654891017679
5056,0.5827373533052256
5057,0.5442742484035605
5058,0.30032014947264873
5059,0.4336303091874995
5060,0.2392839691124221
5061,0.19589051354938597
5062,0.2686168420476459
5063,0.900969824447991
5064,0.16826031415056802
5065,0.49207793192033317
5066,0.0870492892928293
5067,0.19960798767510815
5068,0.3045467050885711
5069,0.44037329651669693
5070,0.45061860631351197
5071,0.49401237758386185
5072,0.5137625056402669
5073,0.5544671553112503
5074,0.19025650258538962
5075,0.4597812267295015
5076,0.7397076281392689
5077,0.19357741147879587
5078,0.24954873303885425
5079,0.585226775068824
5080,0.13707826170960735
5081,0.5815777067645861
5082,0.39255268717288394
5083,0.3038918095804225
5084,0.15770932420766334
5085,0.31110664970598706
5086,0.23633979713317044
5087,0.11868507943299718
5088,0.20577073773316382
5089,0.5454442743664693
5090,0.4328766977828747
5091,0.568819823897075
5092,0.2722096163241194
5093,0.43974054985711825
5094,0.5323687997368293
5095,0.884624090689554
5096,0.4554642047539401
5097,0.2553201598764844
5098,0.6126460310268214
5099,0.1396521231461665
5100,0.5040303866655981
5101,0.3442169422824594
5102,0.18078110915384155
5103,0.08816935799007411
5104,0.43342063157492633
5105,0.3062409149548469
5106,0.5905629337877528
5107,0.7157127952595994
5108,0.5744650185637211
5109,0.7571613430190793
5110,0.5121369560511114
5111,0.5500145038481802
5112,0.3474584271823153
5113,0.5227147463871921
5114,0.25941680659346783
5115,0.9046725762180174
5116,0.1804456936118844
5117,0.3887388289010753
5118,0.3087009017493863
5119,0.3313599780734578
5120,0.48658801742128543
5121,0.74063063139681
5122,0.4083895533042187
5123,0.626916791042639
5124,0.6840019039599017
5125,0.31515815945109465
5126,0.30273866178861114
5127,0.4441072442281604
5128,0.6514461949050302
5129,0.16779992731101423
5130,0.09739280831742902
5131,0.2603650602500367
5132,0.33777537170363775
5133,0.5406953897542209
5134,0.4785322262762998
5135,0.44778512248451185
5136,0.4595434160364259
5137,0.6653189193519637
5138,0.28716278029202186
5139,0.32599861212344783
5140,0.38852549693364546
5141,0.4341605763777935
5142,0.46686158233841824
5143,0.18736655272371808
5144,0.2572744639034001
5145,0.08169118359886351
5146,0.11711032751260982
5147,0.7040175784550945
5148,0.7100267281429281
5149,0.9172190866206081
5150,0.39358237699861937
5151,0.6356897127857263
5152,0.28507590463643445
5153,0.28518620353784074
5154,0.725842882438333
5155,0.39107344037619207
5156,0.16420129404222883
5157,0.6399611848539579
5158,0.3055907521067658
5159,0.3584911322598894
5160,0.28349474129898894
5161,0.2991301665763205
5162,0.3546609518945487
5163,0.3833823803724854
5164,0.06289333282717968
5165,0.2144608626404479
5166,0.4799254119840839
5167,0.45674010305774926
5168,0.248616822138609
5169,0.6911754193439268
5170,0.23632376309423453
5171,0.2208511530179582
5172,0.15009906571149229
5173,0.410315576827609
5174,0.4767893510483239
5175,0.8898273600569173
5176,0.5905642311368724
5177,0.3014555349832283
5178,0.5020672951083516
5179,0.6664071715525414
5180,0.08911015214224657
5181,0.6233321777634665
5182,0.5080538387661311
5183,0.2421699240250811
5184,0.4386056365409044
5185,0.17708120983320141
5186,0.4802331749582169
5187,0.3483243700432672
5188,0.36870093150730743
5189,0.25294306027208474
5190,0.3365203213401454
5191,0.37689699665318654
5192,0.5108327630365121
5193,0.5701942824114321
5194,0.4398444769250357
5195,0.33208649582316996
5196,0.15828235099784607
5197,0.24130490901937415
5198,0.4351879112804063
5199,0.3500011741107449
5200,0.8404921548615983
5201,0.3921834619994987
5202,0.17243825549963057
5203,0.30055148695503575
5204,0.604790926739495
5205,0.11586320748291455
5206,0.23145167614222262
5207,0.18594256887950508
5208,0.621579876712474
5209,0.6463635326014472
5210,0.20169072253457623
5211,0.5285584999543814
5212,0.4136604111219979
5213,0.2869230817199
5214,0.3777862407960928
5215,0.9584216874589286
5216,0.5779944650653419
5217,0.37085196800876585
5218,0.30556136145439916
5219,0.2211448740341872
5220,0.7933648679127214
5221,0.5528715916045965
5222,0.5928987328185022
5223,0.585320513521825
5224,0.3462511929805407
5225,0.4108065146295682
5226,0.6632820129011483
5227,0.18852186948780345
5228,0.34731193096250496
5229,0.5975974691160119
5230,0.2020473254314386
5231,0.23321193386096728
5232,0.320448493024509
5233,0.14470956380881797
5234,0.278978210713332
5235,0.46297946949831165
5236,0.29916106641325413
5237,0.43885148720571704
5238,0.6040823362034028
5239,0.0660691324872405
5240,0.21011146521058918
5241,0.5387568863137462
5242,0.4726655581001534
5243,0.32052448978713227
5244,0.2675975744760474
5245,0.0
5246,0.5698872397625384
5247,0.5962173958932584
5248,0.9566618510093462
5249,0.3089168031492276
5250,0.49078922782577783
5251,0.45307288233372905
5252,0.3910294847530025
5253,0.36791866128434175
5254,0.23945704187034486
5255,0.3725423169576885
5256,0.25505647246974283
5257,0.617109696097819
5258,0.7082901117430226
5259,0.1319124225884343
5260,0.32647932525240386
5261,0.534846235919536
5262,0.171109984437078
5263,0.2564139809884989
5264,0.9386851353459588
5265,0.8778453368181737
5266,0.27354183495997697
5267,0.40279513738380596
5268,0.4769976814573808
5269,0.11085711535417851
5270,0.5380205492838492
5271,0.4247888321987728
5272,0.6763890747108092
5273,0.16395740128385353
5274,0.27241059002700446
5275,0.8124271117636869
5276,0.03773152522199938
5277,0.42735186791394064
5278,0.41593855125855506
5279,0.5730540849502231
5280,0.2100194296527549
5281,0.3028577894304585
5282,0.1593256535455596
5283,0.2934953447726827
5284,0.342341264037764
5285,0.45960942527519155
5286,0.5404740411550113
5287,0.7938022552634948
5288,0.3693487626495938
5289,0.5376858512708615
5290,0.25569922722589816
5291,0.33351973860875506
5292,0.04630170517891695
5293,0.7317207049806459
5294,0.9782555498192717
5295,0.4932940774775533
5296,0.4154689869934513
5297,0.7255179002640124
5298,0.4807139147396716
5299,0.5343447462190167
5300,0.25778902978911156
5301,0.4310898847836385
5302,0.341545696308832
5303,0.5869934148884252
5304,0.2025791923244671
5305,0.0670053243520159
5306,0.5007370685802369
5307,0.27468622805995874
5308,0.5054273463256839
5309,0.20908770141432517
5310,0.16419951295806406
5311,0.6460306611948151
5312,0.2698111634662707
5313,0.2673872661149157
5314,0.6192413053879162
5315,0.4135145404229331
5316,0.22183967554745251
5317,0.36797411051851997
5318,0.5205744360579623
5319,0.4216574599619653
5320,0.23278991255699832
5321,0.45095443193085405
5322,0.3724978563509382
5323,0.6332825212035542
5324,0.22962731266823944
5325,0.3150021163686533
5326,0.5888022379552855
5327,0.5812127051574494
5328,0.3357122349655824
5329,0.8983978503095866
5330,0.2289122298968435
5331,0.1052380702104124
5332,0.40902481296841703
5333,0.4189065173668498
5334,0.7088939241492166
5335,0.3511065645077201
5336,0.661436134271147
5337,0.499315567503012
5338,0.27521883983728085
5339,0.32928278656535465
5340,0.1096485041738113
5341,0.06830151040268835
5342,0.5810596401248885
5343,0.3734914979802673
5344,0.8696868349628887
5345,0.44886128428553207
5346,0.2971040315208087
5347,0.46289892545886047
5348,0.21554716920641886
5349,0.3658353054075488
5350,0.3179574557812082
5351,0.36600026103495037
5352,0.6047313406555647
5353,0.4975449540819106
5354,0.5805488242754537
5355,0.8147528683671567
5356,0.7626258366315737
5357,0.8102266734491828
5358,0.29734893984473104
5359,0.4045075225799532
5360,0.5861035383821511
5361,0.4863368656947785
5362,0.30506133772272803
5363,0.4907689579083268
5364,0.42986715637169687
5365,0.574536934433521
5366,0.8013425628650853
5367,0.97477305957732
5368,0.4923257487634643
5369,0.20623630840943372
5370,0.28926001198846263
5371,0.22238629795183165
5372,0.38974857042596817
5373,0.35306355148209967
5374,0.344340151878846
5375,0.4326942125285294
5376,0.8781693578343943
5377,0.5424667642682652
5378,0.18114105897231175
5379,0.25734591287958947
5380,0.8756694292101879
5381,0.543962319875959
5382,0.37571107524532166
5383,0.3301266254144335
5384,0.7530903668289939
5385,0.06979788557969092
5386,0.10901004737211203
5387,0.8981389439417443
5388,0.18932854467999488
5389,0.6319951991755324
5390,0.9302857350339122
5391,0.3312506273263111
5392,0.17837277958870407
5393,0.2537509466278041
5394,0.3370577703711114
5395,0.20840051271330834
5396,0.43213729573869947
5397,0.2197446717720157
5398,0.2654963588607795
5399,0.101020440795304
5400,0.31343789184431586
5401,0.6528012748663146
5402,0.23399289524440917
5403,0.18321409647436482
5404,0.422812836605217
5405,0.1182523312472067
5406,0.22625935922153387
5407,0.40869669556996174
5408,0.20086547216893338
5409,0.4606782643750604
5410,0.5912146285354776
5411,0.15515197000111272
5412,0.42846085987927107
5413,0.20833196237862306
5414,0.2687831777047899
5415,0.40455121627367596
5416,0.5377465016709178
5417,0.20463436939392973
5418,0.33286849307671046
5419,0.2755972303515335
5420,0.9168180355258969
5421,0.30376376018231627
5422,0.4509316432627626
5423,0.2347882141695325
5424,0.9707344405501337
5425,0.27328231495239147
5426,0.4749768661756791
5427,0.4380985799260182
5428,0.14957189621198874
5429,0.8685093232371276
5430,0.26570121845830913
5431,0.5722194827669775
5432,0.1250750990254952
5433,0.6646638294785987
5434,0.17211102322450827
5435,0.07000692673220099
5436,0.2414067778057523
5437,0.9327119996573559
5438,0.5719583030899512
5439,0.537853113255262
5440,0.7653421660949796
5441,0.18348657500339438
5442,0.5524048931717712
5443,0.41550978050298154
5444,0.4592214954956097
5445,0.24554813182772006
5446,0.16207407989028824
5447,0.4988558736214689
5448,0.6886589689364291
5449,0.5912558335787831
5450,0.7791779083324604
5451,0.4278503222711723
5452,0.2190985015789272
5453,0.12083143592263676
5454,0.5532503145136889
5455,0.2637372930911104
5456,0.5294859897180918
5457,0.29763519778941105
5458,0.23461740509900939
5459,0.7812034925552093
5460,0.6606994253317272
5461,0.47976954481552475
5462,0.8864767020157953
5463,0.7364363753303279
5464,0.17683407936600481
5465,0.04152082925722001
5466,0.5516466454059106
5467,0.3103952870784418
5468,0.5891216679409105
5469,0.45244715109423556
5470,0.31829994511963716
5471,0.7336536813097461
5472,0.35900168007677813
5473,0.49444116499547847
5474,0.21404239727795635
5475,0.199143743183024
5476,0.5219761178565953
5477,0.2979104967192151
5478,0.7257706608063766
5479,0.14577553318899134
5480,0.3502513059291072
5481,0.3439792955876295
5482,0.464719981082297
5483,0.2191164970485783
5484,0.2759601080459034
5485,0.2685289460997375
5486,0.16410930399683013
5487,0.33339921182623183
5488,0.8010701447689791
5489,0.4280509499200499
5490,0.24251562819572844
5491,0.488491694959947
5492,0.037792798911876
5493,0.2697177461236237
5494,0.39045707444354255
5495,0.7513793102987816
5496,0.8674778975893933
5497,0.5420801159803815
5498,0.3467796483605243
5499,0.24333660257681075
5500,0.1360846866655253
5501,0.3716437420795598
5502,0.6119582552560302
5503,0.11605902698123463
5504,0.36717892234358607
5505,0.5727473624108183
5506,0.22373641675721026
5507,0.5535599325407113
5508,0.47035125084412577
5509,0.4051479311547177
5510,0.525818953036464
5511,0.6905327708945963
5512,0.35920440620941113
5513,0.47470341222869333
5514,0.3466177344508868
5515,0.510079895387418
5516,0.3108202957062948
5517,0.5337679119462096
5518,0.8009867456440506
5519,0.2817579552174266
5520,0.8207229096113463
5521,0.24581869198647657
5522,0.41489929162886197
5523,0.6747274298124173
5524,0.24106609048217364
5525,0.6259988203818078
5526,0.7744123361480278
5527,0.2215950804351334
5528,0.5722010490046652
5529,0.47649943766832303
5530,0.32017065335537315
5531,0.29587545438793494
5532,0.380333031674736
5533,0.43969845685289377
5534,0.16123150215272145
5535,0.03554663665191154
5536,0.6455748453395829
5537,0.33869163936852054
5538,0.4266995248055215
5539,0.4427648880372576
5540,0.5627883885005668
5541,0.4473092923797261
5542,0.8475268227306938
5543,0.19447738336656933
5544,0.44124415852360943
5545,0.22232699668246067
5546,0.3006550357632349
5547,0.3254964527121661
5548,0.2615306114271525
5549,0.21044993059628364
5550,0.13692066363535121
5551,0.36558440697933475
5552,0.6624520941355919
5553,0.4836773788403375
5554,0.6604763493048197
5555,0.34041186817124025
5556,0.2136198196207358
5557,0.6948741379995095
5558,0.41498983950711504
5559,0.49751941413325085
5560,0.34370141236148605
5561,0.6857009811733057
5562,0.43850987623673154
5563,0.2159913684724844
5564,0.5309241926351366
5565,0.45271177530901097
5566,0.48039860785229643
5567,0.4782498244592193
5568,0.31438977904447685
5569,0.5124790257408643
5570,0.9642564831837224
5571,0.7103973492838391
5572,0.30911087096463713
5573,0.6563680574538173
5574,0.22645126572485266
5575,0.48334494468350464
5576,0.3667454132677718
5577,0.7045716972293499
5578,0.38786879619580783
5579,0.8448074082862156
5580,0.5444679411784505
5581,0.15186479034988726
5582,0.6332520332369702
5583,0.2960530192021726
5584,0.4837318531765289
5585,0.8557637799789996
5586,0.1543618872301819
5587,0.5396774689692663
5588,0.31252028183588376
5589,0.6782305559292456
5590,0.4740915359073541
5591,0.4722157229265899
5592,0.6604139583238059
5593,0.3861638388827084
5594,0.058919569319434505
5595,0.8431146228138265
5596,0.3824097873987125
5597,0.623830241988827
5598,0.39972173496671853
5599,0.378517915631518
5600,0.33272544481533367
5601,0.5763143522728758
5602,0.33542590353839485
5603,0.8384165146172496
5604,0.823869769616405
5605,0.6092354962286645
5606,0.904052834199277
5607,0.2993203623447285
5608,0.3250476760657432
5609,0.666384616458339
5610,0.658606179978732
5611,0.19425035319017525
5612,0.3451172809366337
5613,0.2090225724333876
5614,0.6933961499701521
5615,0.27101338029081157
5616,0.6683570762139216
5617,0.2471817410701911
5618,0.3137078268710461
5619,0.6112535806708085
5620,0.24399148377150157
5621,0.4844178844301985
5622,0.40904189992387163
5623,0.38024715389765446
5624,0.09480612498108534
5625,0.5301351541755923
5626,0.3838452451824089
5627,0.33668751095925836
5628,0.377614648249597
5629,0.197408097911933
5630,0.3793700913559709
5631,0.47713272647596233
5632,0.36145337995594096
5633,0.155885606201471
5634,0.3611388317702654
5635,0.08617757890188137
5636,0.6199415375656697
5637,0.2704149965853824
5638,0.6886570688467034
5639,0.1989757934272552
5640,0.32103436962680587
5641,0.47411228370168024
5642,0.31596092605211973
5643,0.30197121096408586
5644,0.865560309599823
5645,0.26551426824883534
5646,0.25830566173732483
5647,0.4656034211259676
5648,0.36555207075559343
5649,0.4513950101294356
5650,0.3602333097532301
5651,0.3112057737198276
5652,0.44776980720164317
5653,0.2752147546921151
5654,0.5014984667944887
5655,0.7747196330031659
5656,0.18371660378255972
5657,0.15436408261755835
5658,0.1473050193601888
5659,0.9060885347679437
5660,0.18225644757476503
5661,0.20670517742296632
5662,0.5235932681314971
5663,0.6449693219057234
5664,0.5529320112945518
5665,0.28719785852530627
5666,0.5493859289918679
5667,0.7874248251875119
5668,0.590037929096274
5669,0.18087293811475932
5670,0.08087489562012644
5671,0.3828417030109661
5672,0.19575145332198113
5673,0.254059931675724
5674,0.36678897353097795
5675,0.25806475681187063
5676,0.42465160792333967
5677,0.42270022098362575
5678,0.6890164068474514
5679,0.5247109269941271
5680,0.34994492866449356
5681,0.17154397205016103
5682,0.20364065520268268
5683,0.35899247038895116
5684,0.5340759621264242
5685,0.3421543616283297
5686,0.5173528161676917
5687,0.6910859056494437
5688,0.5128854821079594
5689,0.6032997886835411
5690,0.5829323288083246
5691,0.31571982600364007
5692,0.7022258645635528
5693,0.6050114195513296
5694,0.23380996319996714
5695,0.9500534200446572
5696,0.5736644329998362
5697,0.5526468814301343
5698,0.4988012759539196
5699,0.10988968591295245
5700,0.5434926581402569
5701,0.23718653931223177
5702,0.620549924987719
5703,0.6432567733225598
5704,0.16344008365681986
5705,0.4655150161681473
5706,0.44710935097625043
5707,0.1587501965128086
5708,0.4973401626946398
5709,0.8825540229161722
5710,0.4201048221956804
5711,0.27773596136253903
5712,0.3171909542684202
5713,0.3096176529060962
5714,0.2541531538720798
5715,0.5812885765790954
5716,0.3705571659197292
5717,0.3348247439923555
5718,0.22038338800694598
5719,0.5522453934774397
5720,0.13103226263092785
5721,0.43810366347024976
5722,0.2507385490881875
5723,0.31026033130994674
5724,0.28639894656710774
5725,0.3646606908193778
5726,0.17930281370678683
5727,0.24640944997216233
5728,0.358446878617198
5729,0.3155190196235229
5730,0.20683221647425482
5731,0.29275542697930146
5732,0.8672671987376542
5733,0.6922285838828985
5734,0.7904952641112306
5735,0.29546435857933834
5736,0.6728115274702792
5737,0.7966220401165182
5738,0.18800027326319496
5739,0.3927698662469152
5740,0.4443424719608574
5741,0.4885581159680547
5742,0.30422062674195793
5743,0.44593305202753203
5744,0.26931343435039545
5745,0.2919636013733342
5746,0.1292771139372371
5747,0.28744041680675037
5748,0.3351866201123539
5749,0.25433917951824403
5750,0.09065577615091432
5751,0.4749695245868426
5752,0.23667669957238324
5753,0.5838796251989832
5754,0.716474965210199
5755,0.34526578823275816
5756,0.2353071386365546
5757,0.5913638120201978
5758,0.46090161359045184
5759,0.7159558709439379
5760,0.17732410387091338
5761,0.4859287587642549
5762,0.6913547043453157
5763,0.19250971159561342
5764,0.17992817775576567
5765,0.28984757569612574
5766,0.23927364467549414
5767,0.22471607134661667
5768,0.3072639994858442
5769,0.4580381082651229
5770,0.725422587258729
5771,0.5221644876286017
5772,0.42391169618880453
5773,0.3515673594845312
5774,0.23652713173355633
5775,0.9549681450076758
5776,0.551292903779736
5777,0.717474411884603
5778,0.5176852774276115
5779,0.557935419957579
5780,0.5974743832837984
5781,0.4534794887335194
5782,0.7337210309838189
5783,0.5719463298360906
5784,0.17152770176204107
5785,0.3014402384119894
5786,0.2376235395112895
5787,0.3984276287225241
5788,0.3609978503008471
5789,0.22119237908885872
5790,0.3826892761578706
5791,0.15674634845606708
5792,0.16421097670514118
5793,0.4770495400769946
5794,0.6485707935170686
5795,0.40207856569852174
5796,0.5011093547247522
5797,0.43465965456017175
5798,0.2302636692553208
5799,0.8624376648759602
5800,0.20398033382472314
5801,0.19894910068431906
5802,0.23155932875324348
5803,0.3068310370625095
5804,0.37118821125139567
5805,0.6489516935179489
5806,0.14025767302165354
5807,0.65958919354158
5808,0.5518268054050568
5809,0.3780772357763501
5810,0.2555424030272113
5811,0.23930204906130723
5812,0.8132295661668489
5813,0.27913342833278004
5814,0.4812913024160086
5815,0.28567208822612317
5816,0.31021234079697013
5817,0.1669237192659246
5818,0.4977528215500872
5819,0.33290764008351814
5820,0.6463850093548407
5821,0.4169450652663996
5822,0.805976816434771
5823,0.14419085934316184
5824,0.15613785396287863
5825,0.31166589984585147
5826,0.5388695098921537
5827,0.6429326936632521
5828,0.2679462008056761
5829,0.29353643047518796
5830,0.6332777335821489
5831,0.8330703621488157
5832,0.33790056932584833
5833,0.5289897151839736
5834,0.6634704861552029
5835,0.4337926681418777
5836,0.9498721965699116
5837,0.0020635505445298213
5838,0.7593819172818567
5839,0.4198422557725717
5840,0.5945418671702354
5841,0.79838251581092
5842,0.47646211762254004
5843,0.2861990616756634
5844,0.2772469051408243
5845,0.47377525405109283
5846,0.3641584220738626
5847,0.01565034117852022
5848,0.3549415192743325
5849,0.2953121270501105
5850,0.5423109599153374
5851,0.35809272463597475
5852,0.39797585198903895
5853,0.432625200493359
5854,0.4405206413203315
5855,0.5284393506952284
5856,0.18646211499587062
5857,0.2998764836996211
5858,0.20960213956511867
5859,0.47909564206875155
5860,0.46105813327705636
5861,0.4335668913765538
5862,0.2548453459328503
5863,0.31747972073497843
5864,0.609731721257716
5865,0.050866303207958645
5866,0.9536372675056553
5867,0.2496487768679819
5868,0.42817998188641426
5869,0.7247506904285843
5870,0.4776061393873086
5871,0.7000909852853817
5872,0.47183016933372646
5873,0.31679639154215744
5874,0.3903654743873243
5875,0.2810547494798159
5876,0.7015728570566443
5877,0.8315781941371134
5878,0.46869622924359955
5879,0.29093868678077695
5880,0.8137222064619235
5881,0.7505161790936478
5882,0.5400430864755315
5883,0.34545341083713155
5884,0.3288890430696088
5885,0.30482979042738667
5886,0.6140891149416167
5887,0.9056324231947196
5888,0.2816508371978549
5889,0.9581158627877955
5890,0.5037507674742921
5891,0.6722065707311771
5892,0.3985040560868787
5893,0.6211516226196842
5894,0.6246221480288138
5895,0.4571438815938002
5896,0.4402075555059103
5897,0.250499190856879
5898,0.1445342933430428
5899,0.14538381471632417
5900,0.16619665824684446
5901,0.48501990392923355
5902,0.0758842538734417
5903,0.4734783509944701
5904,0.23660368551097005
5905,0.590884040446973
5906,0.46961219486176653
5907,0.6466910027777191
5908,0.3783259925938337
5909,0.2587074620501394
5910,0.3329922687185093
5911,0.3468250960886273
5912,0.4741545872966578
5913,0.3743797587417083
5914,0.04235778758734174
5915,0.49233100169022576
5916,0.28621607733973825
5917,0.4394498035199125
5918,0.8897848516603158
5919,0.6901580104270862
5920,0.42497186855593155
5921,0.24225832545165923
5922,0.30312973810924787
5923,0.5361492959532796
5924,0.5045962885523273
5925,0.06990938945788819
5926,0.532803640533761
5927,0.7241428385710895
5928,0.2734050330625178
5929,0.3477101880314089
5930,0.5416905602097851
5931,0.06186373321652933
5932,0.5034871192253979
5933,0.28097470131289526
5934,0.639853090629357
5935,0.7626434878797294
5936,0.5296563967320906
5937,0.7739724064885337
5938,0.5196939638895499
5939,0.3794567617373044
5940,0.2154243724787205
5941,0.3019625911299544
5942,0.33991599974899833
5943,0.6150028775856066
5944,0.2593154757571418
5945,0.15309671097654617
5946,0.35300376388633103
5947,0.37055102907975984
5948,0.6764018726819315
5949,0.22843064888698025
5950,0.7181222610160235
5951,0.49129041088172765
5952,0.5472962958465031
5953,0.17848890886586974
5954,0.1443911739570345
5955,0.5720927932599067
5956,0.4386117436266341
5957,0.5379925316881429
5958,0.4556739067527713
5959,0.10300720956345012
5960,0.7208553289474857
5961,0.6198534218538517
5962,0.6767200438900404
5963,0.5218715203159241
5964,0.6026686755224275
5965,0.24369372867046152
5966,0.9765677569480231
5967,0.8872079126313139
5968,0.7205216110534982
5969,0.6820588782196262
5970,0.16219153336777756
5971,0.5719951970956633
5972,0.2627107696536804
5973,0.2293257602679414
5974,0.8122843231259722
5975,0.9061235337900543
5976,0.38888058461337843
5977,0.5633166599129963
5978,0.2854269150918475
5979,0.6264584605420824
5980,0.5173804227152461
5981,0.6211990331983419
