cust_id,gender
3500,0.750895344307908
3501,0.2594991509566609
3502,0.20620176499814777
3503,0.26486287222921884
3504,0.42675642530394214
3505,0.2514042796627206
3506,0.0690939374658855
3507,0.6664683689791179
3508,0.2510335179562538
3509,0.11357901690418185
3510,0.13846854353250648
3511,0.4331380193048618
3512,0.46108486628733525
3513,0.15056840871576865
3514,0.6437416769661498
3515,0.20164698283143326
3516,0.13221238769063615
3517,0.16967824142683377
3518,0.22201712747984378
3519,0.5035283328252982
3520,0.7757262239759093
3521,0.4813576825560823
3522,0.4969921547986587
3523,0.11984317360403184
3524,0.15137260312785608
3525,0.5900569862183992
3526,0.21038851438351971
3527,0.7780610380212559
3528,0.5187607365509487
3529,0.24582740127654787
3530,0.1585304791056258
3531,0.7534012359671921
3532,0.07204507452548323
3533,0.25601241629336363
3534,0.6308751746510511
3535,0.18925707686782023
3536,0.2779350999892113
3537,0.5652484795523838
3538,0.45759099233299355
3539,0.44284376010519083
3540,0.1355345341909918
3541,0.20849053586310928
3542,0.19845095508689642
3543,0.6113404461024805
3544,0.3623671082574025
3545,0.4320058161058044
3546,0.32228425118810766
3547,0.19163438934287716
3548,0.6500759528591402
3549,0.2735520842384893
3550,0.369788917793749
3551,0.5162845359176013
3552,0.17779104731377623
3553,0.30821726322164206
3554,0.23946218143600764
3555,0.17417379025357987
3556,0.5224509010955782
3557,0.30104986137950734
3558,0.18733394173933168
3559,0.4140258583338401
3560,0.49568714286620125
3561,0.5153273619678385
3562,0.3739499496196469
3563,0.29212309560895083
3564,0.7100840226606263
3565,0.34648136417725683
3566,0.05500103136531028
3567,0.3726029956353529
3568,0.5455476703914351
3569,0.2528743227355405
3570,0.19042864636415202
3571,0.35394456410385583
3572,0.6600803031383364
3573,0.5130974590007197
3574,0.32953958424319263
3575,0.6083471197762105
3576,0.6162068636753414
3577,0.32886203284313825
3578,0.19760161630141687
3579,0.26872340508150716
3580,0.5974777711355186
3581,0.6100466305132239
3582,0.7131598574581525
3583,0.4887262089000271
3584,0.21612572588784518
3585,0.3539908106588983
3586,0.045938599065123965
3587,0.19549272962563982
3588,0.2202421544470416
3589,0.20692112242156338
3590,0.7296608710570064
3591,0.3744638258513583
3592,0.6949040970588932
3593,0.2843640508612124
3594,0.10056757332946692
3595,0.39814479181851903
3596,0.22886779134272306
3597,0.16435503947236632
3598,0.3458279122104886
3599,0.5824055253735737
3600,0.476011044223019
3601,0.3426232749560004
3602,0.31974429607137506
3603,0.0800022781390715
3604,0.7863626751882046
3605,0.2751090232608161
3606,0.3582273541303556
3607,0.20854693873991778
3608,0.33280398517680293
3609,0.1904425784314791
3610,0.2834609030698944
3611,0.5302784873372018
3612,0.5943311619681654
3613,0.16277388993370195
3614,0.39561810935635233
3615,0.12362608321192922
3616,0.48856887369167784
3617,0.5787372032658148
3618,0.640567159187222
3619,0.13355879323308611
3620,0.24841090086059847
3621,0.4132902406769065
3622,0.152952165731861
3623,0.6339886592874546
3624,0.11245789092152506
3625,0.3653541865544125
3626,0.5767878060215776
3627,0.28238929361119997
3628,0.6442530713373407
3629,0.2722746142494103
3630,0.606000286299613
3631,0.30747140638686404
3632,0.6991163181468014
3633,0.15945182901233398
3634,0.1346775735777565
3635,0.5121264224809305
3636,0.4422606432289091
3637,0.133858071357786
3638,0.5504413028971888
3639,0.6730474910307637
3640,0.5473669363446036
3641,0.3693229459676566
3642,0.7225133977861732
3643,0.1353984005183988
3644,0.23639113779755
3645,0.2666977382979279
3646,0.18487725316585227
3647,0.22663028785959205
3648,0.681236974752274
3649,0.252946208474514
3650,0.4038475187278278
3651,0.5805547835986089
3652,0.7157263731472836
3653,0.28837979402680847
3654,0.34687843126097007
3655,0.35417394381469725
3656,0.3700130058596198
3657,0.43585971515999367
3658,0.18195241305997964
3659,0.2342248672814829
3660,0.3410076837057831
3661,0.4365878914230209
3662,0.14819561975570889
3663,0.5753825187498959
3664,0.4241527291766342
3665,0.6214433616179535
3666,0.6013890929434212
3667,0.23346723954412574
3668,0.14517849733704824
3669,0.632021367817187
3670,0.07848565089492984
3671,0.623597415446116
3672,0.0665443084776347
3673,0.30591036799735255
3674,0.26835956449540427
3675,0.49966740397704584
3676,0.1671629527057612
3677,0.2610915176618291
3678,0.3107828581759189
3679,0.11710315161172523
3680,0.14956139506668908
3681,0.5644598853450451
3682,0.6335544494589983
3683,0.12906267242922903
3684,0.43085249198539183
3685,0.6910147094793803
3686,0.36072338429335526
3687,0.47610861855434683
3688,0.10884509586743281
3689,0.6027114693788753
3690,0.7592173505590418
3691,0.08859506349365961
3692,0.5857226190985345
3693,0.23265714544797614
3694,0.4087527275444602
3695,0.7270545691520947
3696,0.4922805035164961
3697,0.6673768377186919
3698,0.27702274099184
3699,0.284975164818771
3700,0.15370707336117082
3701,0.05166440072452353
3702,0.24324395859239617
3703,0.5194598280543716
3704,0.7448902758386585
3705,0.39870332442007234
3706,0.2855758570538015
3707,0.12671375976573132
3708,0.11273953174202951
3709,0.1131600069389252
3710,0.19464975662612832
3711,0.2160233180661319
3712,0.4767809090615368
3713,0.17828715471121911
3714,0.2044580471568868
3715,0.29833991686928807
3716,0.1357687931155629
3717,0.26839897043818334
3718,0.08078947484008174
3719,0.21193661707110234
3720,0.42696426918364405
3721,0.5498979182693061
3722,0.07814354936829458
3723,0.47817169583885294
3724,0.32132972328253456
3725,0.3177733454574155
3726,0.4877433491275347
3727,0.6885957184407248
3728,0.29436576908699347
3729,0.6341738215496903
3730,0.2812490338817916
3731,0.40138207001501974
3732,0.5431487588573402
3733,0.7425355674012347
3734,0.06915122003628989
3735,0.3139200637550019
3736,0.48751428058216584
3737,0.5750663193879268
3738,0.2034745120717301
3739,0.5275717188622112
3740,0.5216455013501531
3741,0.6933507510750178
3742,0.19047389879224152
3743,0.13872930605077732
3744,0.3026675188572715
3745,0.269407086279382
3746,0.31640894889670057
3747,0.07460508698846777
3748,0.15462391864877947
3749,0.5155582735167115
3750,0.19172272283349615
3751,0.5728919531943775
3752,0.15458948468716316
3753,0.6429705796955194
3754,0.24498948408723123
3755,0.6066832916625279
3756,0.5990073791445425
3757,0.1145530339619768
3758,0.2663772657559332
3759,0.2703298640832941
3760,0.21524026397742568
3761,0.5724740007832817
3762,0.1271442704363037
3763,0.19419752149839556
3764,0.5870939635364795
3765,0.0583308615247591
3766,0.41339089797160267
3767,0.7807030481559559
3768,0.7845680151243949
3769,0.6907173951343276
3770,0.6779444931522884
3771,0.09836931901544159
3772,0.6113082927290453
3773,0.5851115301221191
3774,0.1762064478956244
3775,0.718107060828518
3776,0.6855282262332654
3777,0.7380584245542537
3778,0.2279875890349894
3779,0.1091202055222178
3780,0.24888373833974411
3781,0.20902821293078902
3782,0.43074506704384785
3783,0.3147986967418331
3784,0.24403876080567324
3785,0.5801747659845605
3786,0.1580605664543842
3787,0.7009794294494652
3788,0.285259364623205
3789,0.3705253058785237
3790,0.3579106525000104
3791,0.2202119050544461
3792,0.5381787451744112
3793,0.6247022389386033
3794,0.19543268716124548
3795,0.5577992809943952
3796,0.05803794091543407
3797,0.6051881960232044
3798,0.48994844194781967
3799,0.1757380304488261
3800,0.1368943944233226
3801,0.18965129912284795
3802,0.239893002703037
3803,0.31177363186954343
3804,0.3349840771422523
3805,0.38574199378924096
3806,0.6945753680378125
3807,0.1373293309662045
3808,0.5732897098090194
3809,0.2957301204117012
3810,0.26896697338125003
3811,0.5835236380845248
3812,0.2755381525326232
3813,0.5739849695945564
3814,0.39097738089037204
3815,0.6015588261889324
3816,0.3294575448215569
3817,0.0625142486947369
3818,0.2643798784244581
3819,0.12450391180091731
3820,0.6081265849639539
3821,0.6077093116608354
3822,0.22211428708904626
3823,0.12088340515272802
3824,0.15878275963738864
3825,0.5674361203271826
3826,0.11913025937882743
3827,0.16294639140083567
3828,0.19615404383291196
3829,0.7753632068428735
3830,0.7177419882395341
3831,0.1386546604005087
3832,0.20279215489324753
3833,0.08382791995707684
3834,0.37118088589176396
3835,0.22792274074466598
3836,0.13986949572443685
3837,0.29588125466507725
3838,0.6199211702369062
3839,0.6149411319339193
3840,0.7696561779493787
3841,0.20204616352336793
3842,0.12984276916205603
3843,0.2985665136050901
3844,0.6054481433008551
3845,0.2716918244305648
3846,0.07318128913987307
3847,0.11677843624783309
3848,0.17760937787389744
3849,0.6627101359957778
3850,0.16589800933795112
3851,0.27563382083051435
3852,0.7921938938210208
3853,0.2727061941894208
3854,0.196852794861634
3855,0.20404231400535672
3856,0.41836289249286146
3857,0.15758230246691607
3858,0.4079853613880373
3859,0.39340508018065107
3860,0.5937239200631075
3861,0.18443313342073975
3862,0.32962666698310267
3863,0.5870739498552109
3864,0.6183699877492185
3865,0.6443663993081102
3866,0.3023452272233836
3867,0.37190625747926204
3868,0.3028862780451924
3869,0.7592734984290298
3870,0.3961626432384406
3871,0.5419470512893069
3872,0.5347810901196433
3873,0.12238677994208741
3874,0.23401233721058548
3875,0.1154506911524819
3876,0.547797118074144
3877,0.251457900536363
3878,0.6169773884495751
3879,0.5675226857566111
3880,0.31828182229693164
3881,0.23681756290030506
3882,0.17506628338886318
3883,0.23912582367146604
3884,0.0971081078128371
3885,0.6888080019309974
3886,0.5145301365586121
3887,0.7556631398282301
3888,0.5965595983981581
3889,0.25115489378452555
3890,0.5736845835428832
3891,0.20842353121131257
3892,0.07258080987282578
3893,0.12574803799796505
3894,0.09878367384463531
3895,0.08247213014320033
3896,0.1350128646409973
3897,0.08371102593763312
3898,0.5836424555191103
3899,0.21239447955123636
3900,0.5931693305268316
3901,0.8202021263737534
3902,0.2934124543164506
3903,0.11519281264195229
3904,0.24378610640638196
3905,0.4414748020482834
3906,0.5860324042378969
3907,0.0651918156451915
3908,0.17794398972211892
3909,0.6239607326661343
3910,0.17208913315238886
3911,0.05619835889989082
3912,0.49976086164479006
3913,0.6646631162883212
3914,0.4776856211769455
3915,0.16690705464928354
3916,0.38986058743868507
3917,0.6176542764511455
3918,0.6032476273921704
3919,0.4775185625279232
3920,0.7649039437807048
3921,0.25755527283833796
3922,0.2077258863745591
3923,0.6307776000247148
3924,0.42204968892529865
3925,0.41393398281287647
3926,0.45660480157951117
3927,0.28944751953611353
3928,0.332613258671162
3929,0.5962601571871128
3930,0.7457908155810283
3931,0.2379002912204038
3932,0.5413615724151303
3933,0.5110887762978099
3934,0.1357025150099716
3935,0.41662093566381536
3936,0.11993683518940892
3937,0.34737270446845053
3938,0.6323768039854233
3939,0.2273745745546783
3940,0.4236191774686092
3941,0.16501171837782658
3942,0.16173088053949786
3943,0.37106441086559916
3944,0.19429347067417055
3945,0.459427039111978
3946,0.15992217985940824
3947,0.06075007451188164
3948,0.4930942884416332
3949,0.5425876512769583
3950,0.3454007392287842
3951,0.19402608749866904
3952,0.20839577130098466
3953,0.8057214029329272
3954,0.6396022470691013
3955,0.7410545188522929
3956,0.23737482656582148
3957,0.14174265030242172
3958,0.3085777610299463
3959,0.27605195985822367
3960,0.6839070738558002
3961,0.7178946182019836
3962,0.6700731415698978
3963,0.1089779806607617
3964,0.5041976703273119
3965,0.5406624555728304
3966,0.0859567364135318
3967,0.3222795064683315
3968,0.6296152110048765
3969,0.4959129583719491
3970,0.47466538960450727
3971,0.053366782606945454
3972,0.48176571352439307
3973,0.7334212416612859
3974,0.582928389159277
3975,0.5869385430231518
3976,0.42133228256598754
3977,0.2691822541323036
3978,0.3683906595257753
3979,0.8088224257435703
3980,0.1981394589554746
3981,0.1259879828193094
3982,0.39862054762302496
3983,0.37238351251756857
3984,0.22356684748188763
3985,0.08243010154671537
3986,0.10882687199000714
3987,0.31315840428856184
3988,0.14412710974887202
3989,0.5973140241965136
3990,0.1766696570788799
3991,0.29826905975167356
3992,0.06627083689160612
3993,0.3698871251620027
3994,0.3469786904199545
3995,0.10301060363296677
3996,0.5926914688275987
3997,0.45552078570106985
3998,0.7020972890966928
3999,0.7330047321475619
4000,0.18670118673556024
4001,0.2856923873044654
4002,0.7183731299496694
4003,0.10076428846830722
4004,0.18269529389910305
4005,0.22795830329566907
4006,0.5651673178986003
4007,0.4497977256032803
4008,0.5316252588572653
4009,0.2571594606233653
4010,0.3069122824226492
4011,0.2611585749940783
4012,0.3418127526030036
4013,0.5780648827911438
4014,0.17531766771197746
4015,0.639838842163215
4016,0.22831830725512708
4017,0.5847864332182013
4018,0.4416293993345761
4019,0.5907414932584873
4020,0.10807722338891636
4021,0.7945895583074313
4022,0.6700890777183778
4023,0.15997736051160208
4024,0.42309614474088486
4025,0.6013279126816962
4026,0.7798327812582757
4027,0.5868999386295969
4028,0.37312818551782895
4029,0.14817820021661884
4030,0.06403179838711744
4031,0.11794869725545948
4032,0.218076763659312
4033,0.30234261684671393
4034,0.7650790468410388
4035,0.2775851994087653
4036,0.3872821043592597
4037,0.21698256398297405
4038,0.19620732547656414
4039,0.10071131991149986
4040,0.7103762821698334
4041,0.2816831022320793
4042,0.12582788511332932
4043,0.19253918386373964
4044,0.2599458879314743
4045,0.6059135441800627
4046,0.5335853008359901
4047,0.07040812646376023
4048,0.5953889170769029
4049,0.684367067588588
4050,0.058061277787677036
4051,0.26055920740922445
4052,0.2106564393832316
4053,0.1310224377098212
4054,0.2512329904963801
4055,0.5867814317500799
4056,0.5893973504120672
4057,0.209042564398299
4058,0.4066197470169559
4059,0.7055023788722401
4060,0.23399107010701392
4061,0.641620467401618
4062,0.3164544598262946
4063,0.16790595810840012
4064,0.42764637172331876
4065,0.7296704705013721
4066,0.4866674949790903
4067,0.2782318690139633
4068,0.0832634518448624
4069,0.3486043500982432
4070,0.26036676604267944
4071,0.4124322160360274
4072,0.40429200199888105
4073,0.15416605764930028
4074,0.27712411109176033
4075,0.3471017191784358
4076,0.620769921828582
4077,0.6538659111630563
4078,0.6154234688663262
4079,0.46282440368486194
4080,0.5246211222796058
4081,0.397842329670251
4082,0.43573594960680034
4083,0.23093970570198089
4084,0.6178501619420326
4085,0.4286080303766518
4086,0.30093205165276715
4087,0.4128623099812461
4088,0.20427318647055925
4089,0.21139906489507762
4090,0.7984745541867203
4091,0.5490468066769272
4092,0.5365915574494683
4093,0.571022712360277
4094,0.5594540266048846
4095,0.15764544829068872
4096,0.494531734774903
4097,0.7223474303243166
4098,0.2714550578795966
4099,0.57199535504275
4100,0.5425497358584718
4101,0.33802477227927624
4102,0.4271582456073997
4103,0.22380079675012773
4104,0.17580332295397672
4105,0.5696831530035257
4106,0.08388615121694341
4107,0.2997908094133321
4108,0.28870873144058823
4109,0.3445291814189405
4110,0.3106342773150781
4111,0.4880431906475681
4112,0.15549349171359048
4113,0.21478612624977225
4114,0.4513673350066754
4115,0.7125975190191931
4116,0.49978909382792913
4117,0.7894172245395356
4118,0.2559681614654136
4119,0.5951929560489917
4120,0.3257859985468669
4121,0.7294254982930843
4122,0.3415858819122131
4123,0.18258300589039494
4124,0.8088940634235593
4125,0.35622794378269274
4126,0.2917145713438645
4127,0.1290165981774691
4128,0.48466127585057944
4129,0.22659376758570185
4130,0.5749254342546942
4131,0.49320524060582477
4132,0.2413485304117113
4133,0.22393943535293717
4134,0.4894244644026602
4135,0.3386749119259337
4136,0.4065263410315235
4137,0.1600439631382651
4138,0.5836911554560472
4139,0.2828038739727764
4140,0.45761179292399623
4141,0.2192637484333863
4142,0.087608277491885
4143,0.08674756006018436
4144,0.7167841897879064
4145,0.7238984911622127
4146,0.06883714726116415
4147,0.545242816709688
4148,0.41799664848999546
4149,0.4840788669193618
4150,0.1793044378769335
4151,0.4349821450286111
4152,0.6747420832673902
4153,0.6535571823258793
4154,0.32885691630892455
4155,0.18741309068231252
4156,0.18177970684216246
4157,0.20032605413905613
4158,0.3937988253260895
4159,0.21352463431846794
4160,0.3830396499483278
4161,0.5099365620735538
4162,0.6264315389663667
4163,0.21051111715801887
4164,0.5076579558791606
4165,0.29746561614815276
4166,0.1684892943102835
4167,0.5574045548582613
4168,0.356138579123356
4169,0.30405903631752307
4170,0.14282686401175976
4171,0.5081665167442726
4172,0.2137733996447974
4173,0.587738634208144
4174,0.5925748351760536
4175,0.1864660937245922
4176,0.3956141770876856
4177,0.1371832503666796
4178,0.23901201420766602
4179,0.07789532349866923
4180,0.1483234121664939
4181,0.08026663623129311
4182,0.39884165635815483
4183,0.1449508374773571
4184,0.20647000481591735
4185,0.042646166263225066
4186,0.5732888985906505
4187,0.1368886867656287
4188,0.5959732099529355
4189,0.3721173090671659
4190,0.10585731816155143
4191,0.3842844814785367
4192,0.6212096878046371
4193,0.5323518117620627
4194,0.6970899753634607
4195,0.5861875999662309
4196,0.5114883969771327
4197,0.34176446475138095
4198,0.28959178013926457
4199,0.14404020470142997
4200,0.7705547505477819
4201,0.6340251444715463
4202,0.29093877850669636
4203,0.5850680443126651
4204,0.48820427943273714
4205,0.12481474915771404
4206,0.7150086776178372
4207,0.550278948158474
4208,0.10969307562172942
4209,0.3042887006611012
4210,0.24787458795410974
4211,0.5861736311819699
4212,0.6076617295666807
4213,0.4194503804234892
4214,0.5599136651541992
4215,0.3172284489379274
4216,0.15902165864996945
4217,0.182459062178584
4218,0.4560615724310448
4219,0.5844592081641753
4220,0.570624907963466
4221,0.7492295367260126
4222,0.6931751305669294
4223,0.3515154137296576
4224,0.0643168163407558
4225,0.19825166970322372
4226,0.4182607117296326
4227,0.3077952050012995
4228,0.2195457084836427
4229,0.530300497165823
4230,0.3627505601737968
4231,0.1670647883990029
4232,0.6060904152083089
4233,0.426842695632093
4234,0.3835097596885759
4235,0.4933547340031517
4236,0.3096879239460457
4237,0.6238017221548007
4238,0.6071479129341707
4239,0.2624602029978358
4240,0.11866419756801362
4241,0.24805447350413057
4242,0.440052383603275
4243,0.15807700741603814
4244,0.17682655877628697
4245,0.4224851445727663
4246,0.6566204405410063
4247,0.7112336173744495
4248,0.14437479897409553
4249,0.5562189144762796
4250,0.1072910133854738
4251,0.3148829285490416
4252,0.12636562535774692
4253,0.23894026990997497
4254,0.2188874659237481
4255,0.4512450454801351
4256,0.08895018017584791
4257,0.38448272028042574
4258,0.5160456155558137
4259,0.7371338582901028
4260,0.2326444189567016
4261,0.38401835709155285
4262,0.1432594842775279
4263,0.7051632748382068
4264,0.2713200861471561
4265,0.10499110931609906
4266,0.8315737562011493
4267,0.4415204704406797
4268,0.11013629989858789
4269,0.4511781184888771
4270,0.1629795335211858
4271,0.62517654086805
4272,0.10359718076911875
4273,0.6538698125903029
4274,0.5450277243818463
4275,0.2837235642348176
4276,0.46063484263624205
4277,0.530254077327182
4278,0.3753953611046644
4279,0.7237980735000572
4280,0.4778857578600591
4281,0.7176278205433608
4282,0.20775439016347377
4283,0.3681797854603295
4284,0.7281251857119109
4285,0.5716804822497171
4286,0.4409245017708944
4287,0.5384420705976165
4288,0.559385016829096
4289,0.5060111108515525
4290,0.1544330857356233
4291,0.19388002625268447
4292,0.5357964293276057
4293,0.3727399101349258
4294,0.11013857204477737
4295,0.14473468572925802
4296,0.4090928670154905
4297,0.14636303106958398
4298,0.41127187192953363
4299,0.47917942933253366
4300,0.2261385491978875
4301,0.16609083576378703
4302,0.16977603274395112
4303,0.5080172507789791
4304,0.5686092351417201
4305,0.5770762798426003
4306,0.3631965824225475
4307,0.04650367210276262
4308,0.12809702374877396
4309,0.14783798692442893
4310,0.1494504468111938
4311,0.5110803710143489
4312,0.3182637955524918
4313,0.5287793417048705
4314,0.3952091728471207
4315,0.2952632738819286
4316,0.2773100108682537
4317,0.3688230250001623
4318,0.25456283447778516
4319,0.5409819483215782
4320,0.3078765108698879
4321,0.1325125189054877
4322,0.18261513865619214
4323,0.2904933298739492
4324,0.3916428309147371
4325,0.5875820992096281
4326,0.41531180144157653
4327,0.6718090971591559
4328,0.2382219419895396
4329,0.1182973109347944
4330,0.6426447036334675
4331,0.20929670470628214
4332,0.595845160693678
4333,0.46072132535585025
4334,0.17306526855675106
4335,0.06674735241853375
4336,0.6036507607594717
4337,0.2988266105427787
4338,0.318882001833798
4339,0.1392672470886438
4340,0.22842214040445596
4341,0.5948523734036301
4342,0.6096726593027002
4343,0.0479406333404408
4344,0.2673541048601448
4345,0.0505115956965455
4346,0.10312490310269744
4347,0.2895497432242359
4348,0.3934467643568126
4349,0.6072504450030844
4350,0.43897735349666234
4351,0.17675687270000354
4352,0.4296956907052212
4353,0.5698790000348842
4354,0.32402114169755397
4355,0.1316970557130444
4356,0.6232354849592654
4357,0.47347758227562214
4358,0.43257241433641275
4359,0.5190254439722284
4360,0.5672960160757772
4361,0.6220651004988516
4362,0.38652946205572675
4363,0.6050459731173679
4364,0.10760563941640916
4365,0.2949756494415591
4366,0.1333287281120204
4367,0.620087711802148
4368,0.1736120797617676
4369,0.5155486179518106
4370,0.17674790631025836
4371,0.6174082379127043
4372,0.6136438411519098
4373,0.5567623885350177
4374,0.4941325590053421
4375,0.6558380762658129
4376,0.4772792515038495
4377,0.08410607532729929
4378,0.4170921720401969
4379,0.25111921186621666
4380,0.2739333702328379
4381,0.6127208555122841
4382,0.3961619342364408
4383,0.7221509650892051
4384,0.33047018988388516
4385,0.26788879488849526
4386,0.1671889468409599
4387,0.6230947383426323
4388,0.5781057348411199
4389,0.565434834632563
4390,0.7795448005901705
4391,0.2873929096103804
4392,0.5312239471608171
4393,0.09737116753783778
4394,0.542690245656824
4395,0.7250199759096344
4396,0.3941489537854094
4397,0.15186033622483716
4398,0.5918392185537982
4399,0.048737832519531864
4400,0.42207247380680263
4401,0.24300885448269713
4402,0.24988495432997065
4403,0.13307698796890655
4404,0.19334623904318796
4405,0.6872565268020503
4406,0.3282176398537973
4407,0.6808939256615518
4408,0.6734332328088788
4409,0.5864779482853109
4410,0.5944026337495909
4411,0.44733850628514027
4412,0.048253945424050225
4413,0.26873740220353637
4414,0.44383712355166305
4415,0.2595234537632939
4416,0.659126983659536
4417,0.2539215937261201
4418,0.32667514316943014
4419,0.2659003501023103
4420,0.7054511139573433
4421,0.6700435940515237
4422,0.6208944203455107
4423,0.28282562648183174
4424,0.6659193996248132
4425,0.06800555612806339
4426,0.5536307425299251
4427,0.3724781683246916
4428,0.3662559085473826
4429,0.3750969690865702
4430,0.4116764772362123
4431,0.46215326712245897
4432,0.3108190099541639
4433,0.10661578479403007
4434,0.2852738355608131
4435,0.3189749021718747
4436,0.219886039210391
4437,0.09478034181416294
4438,0.20463877457134527
4439,0.6383909507984774
4440,0.2548699360399162
4441,0.06285141194993006
4442,0.16162337392974008
4443,0.18896096588737676
4444,0.6910670009583897
4445,0.35591709259217735
4446,0.29927906852521546
4447,0.3694919956542926
4448,0.1932170080288044
4449,0.07807599397512156
4450,0.09180215802367367
4451,0.44706023488658453
4452,0.6711762812249662
4453,0.1945572094820924
4454,0.5970628911130479
4455,0.6275165531641611
4456,0.3739406695442248
4457,0.10693024022374722
4458,0.10862644745377098
4459,0.16280702387974075
4460,0.2894119906526813
4461,0.35806553955429576
4462,0.5336287363429743
4463,0.4972093177222266
4464,0.22570624965187652
4465,0.5784982770436862
4466,0.4032919217864383
4467,0.3371231521720714
4468,0.6921875143866969
4469,0.6288007131400916
4470,0.11150578678183166
4471,0.34192194876158954
4472,0.7110649757971337
4473,0.3469557298344427
4474,0.0956663158919067
4475,0.5307312428366546
4476,0.1488261775008141
4477,0.2401367839500945
4478,0.5712841218681578
4479,0.4476768607373568
4480,0.3778343572422632
4481,0.11804260818361233
4482,0.3127894426378225
4483,0.14800413903941922
4484,0.5781592125299374
4485,0.16696080465817972
4486,0.39594864253480233
4487,0.4473998475885838
4488,0.22684927117417467
4489,0.19081809939141026
4490,0.21924934953840672
4491,0.22959990557133644
4492,0.5117727118308635
4493,0.7132298454419147
4494,0.15238153267236107
4495,0.6271058824017944
4496,0.21639098518945216
4497,0.73548765884557
4498,0.605130599452584
4499,0.6350878349474374
4500,0.5994130095638142
4501,0.11100508265894933
4502,0.2263986976530953
4503,0.5094282829152466
4504,0.3577472733561442
4505,0.6679635460052913
4506,0.6651577178580078
4507,0.06684131855877348
4508,0.16086703111577622
4509,0.1377239866888183
4510,0.17530714807568748
4511,0.20707167801312862
4512,0.7079241058402826
4513,0.0821422093450686
4514,0.2444721347214252
4515,0.33724211125472253
4516,0.5015067149354008
4517,0.3874887166423148
4518,0.8293946271350298
4519,0.3501088306245576
4520,0.501434120128812
4521,0.6507167904788294
4522,0.11047107184234882
4523,0.09891670085531466
4524,0.5846046075243923
4525,0.538729114015042
4526,0.3328837304673935
4527,0.2505136482145988
4528,0.6541426070899363
4529,0.4012263990169538
4530,0.6101618145350816
4531,0.6759424290964318
4532,0.5242382112429627
4533,0.4962348919728011
4534,0.6815019753110372
4535,0.07844226135093489
4536,0.5869655902245999
4537,0.3461773665736624
4538,0.3037246596220911
4539,0.71335624726979
4540,0.2329226306399017
4541,0.30608212886481817
4542,0.15727389638766082
4543,0.4938725737156274
4544,0.141118651521716
4545,0.2942710040356445
4546,0.14090916122858288
4547,0.6607138005314477
4548,0.25888040760587716
4549,0.570968294479511
4550,0.2744925139175924
4551,0.6603746452840488
4552,0.1621105838874621
4553,0.6900484433682177
4554,0.5345806808646246
4555,0.10898236114268689
4556,0.45580393872266955
4557,0.25034023564137997
4558,0.3441779473837944
4559,0.05306726154251737
4560,0.4576572913308416
4561,0.13019400158789599
4562,0.45582805870272836
4563,0.5353324080953735
4564,0.11899205833537066
4565,0.6355898935633447
4566,0.3030715181173646
4567,0.5279594627759835
4568,0.25379359475014995
4569,0.7115935778908398
4570,0.33251579959491917
4571,0.5905523311008765
4572,0.4687069029445547
4573,0.26153818319647193
4574,0.5432491104107189
4575,0.7015225530815504
4576,0.32951800293198674
4577,0.6861033824944798
4578,0.22115364104730398
4579,0.27593756532757924
4580,0.3562863438472921
4581,0.2544809284933951
4582,0.40818232059816617
4583,0.7204995589554196
4584,0.2125721569042533
4585,0.5469296435146063
4586,0.2658112851743504
4587,0.3387888169674953
4588,0.42126007337434423
4589,0.41337631737623876
4590,0.6066914092147393
4591,0.67133135922368
4592,0.2729522291120267
4593,0.3329838813385106
4594,0.6415570759374166
4595,0.5993543177855611
4596,0.37739203257184334
4597,0.7280781614359098
4598,0.34830780359380487
4599,0.3574557090980188
4600,0.6484023445980616
4601,0.3773512030881039
4602,0.14809753676098272
4603,0.15652800128542133
4604,0.6342259392094358
4605,0.25153538694356486
4606,0.2718011748496306
4607,0.09931890147690903
4608,0.31844879722969927
4609,0.741390042235865
4610,0.39473119103449283
4611,0.6506882573323847
4612,0.255412383623954
4613,0.283705095555624
4614,0.11141342398748934
4615,0.4362246108345751
4616,0.0812653220655555
4617,0.14075335762646263
4618,0.14722560315544553
4619,0.7409121465062534
4620,0.4936096895835447
4621,0.5635105830426919
4622,0.708178514150084
4623,0.4269170242348717
4624,0.15711257393064257
4625,0.2662725746988668
4626,0.5548137342629321
4627,0.6178854504747426
4628,0.34927528832044824
4629,0.5916454955039255
4630,0.15189352812046675
4631,0.25758282066322113
4632,0.14492928206023412
4633,0.13943070839416555
4634,0.10441702488772117
4635,0.25138847575168843
4636,0.6052770218625174
4637,0.827270979641147
4638,0.14778695750579082
4639,0.24550688598541756
4640,0.13097139956184337
4641,0.3330544195800425
4642,0.13578698622300558
4643,0.15348210951501393
4644,0.5025682032092752
4645,0.584945601122599
4646,0.2943482326630106
4647,0.6023676728195706
4648,0.5478485218996836
4649,0.4884159784128326
4650,0.17767312219675924
4651,0.18906424967429458
4652,0.30923317786208177
4653,0.21912458829299253
4654,0.6963671312606244
4655,0.6225051993676186
4656,0.22366272613328678
4657,0.16827470520657906
4658,0.5739786935510008
4659,0.5180709989166052
4660,0.3524365082495915
4661,0.6928482008706709
4662,0.28117837117642114
4663,0.33503042317263865
4664,0.09552253673815035
4665,0.6334299011138042
4666,0.06758322256421749
4667,0.17491864346010796
4668,0.3091208968350137
4669,0.42733250793724964
4670,0.18239667037740373
4671,0.6493194156614601
4672,0.11231404886291341
4673,0.5369392902054864
4674,0.3619841720098292
4675,0.3135606670734936
4676,0.22981810482539194
4677,0.5684458523217075
4678,0.15252966668139406
4679,0.32562751472897694
4680,0.3500904770926601
4681,0.2825746668074903
4682,0.1404263798637738
4683,0.1901143269879795
4684,0.6860122971456627
4685,0.1900886368433587
4686,0.5614118177662019
4687,0.37868734059740977
4688,0.34486170398202864
4689,0.06160777665382232
4690,0.04635457376509868
4691,0.32738236992066266
4692,0.484221677344834
4693,0.05707746058653057
4694,0.20355658851392047
4695,0.4161638338905418
4696,0.6113393573505791
4697,0.6716994624609857
4698,0.4720756529875872
4699,0.5372372929320747
4700,0.3407112949038717
4701,0.39666929311894555
4702,0.07795229700612494
4703,0.4038983018060593
4704,0.6266422959573422
4705,0.6025459047482287
4706,0.5378058161951849
4707,0.5805775614495674
4708,0.11475886185807613
4709,0.5267898253032528
4710,0.6583039894682823
4711,0.5260510725936439
4712,0.694820289728217
4713,0.35168072290912883
4714,0.7327640831537303
4715,0.39994133297804535
4716,0.15691363790288343
4717,0.24589664752158819
4718,0.31829340661584954
4719,0.5745998086642815
4720,0.3559102988420092
4721,0.36995546565837234
4722,0.42277753329276674
4723,0.15811767362954968
4724,0.2835483581436958
4725,0.2674530433511161
4726,0.3119900723479457
4727,0.11031716664387392
4728,0.20136746770319663
4729,0.7078246523960275
4730,0.3972106364269411
4731,0.5679286287896064
4732,0.659826561339542
4733,0.12645343199152725
4734,0.4015693398256314
4735,0.6104942034432642
4736,0.17609993817770683
4737,0.4970076379071662
4738,0.5597684867699315
4739,0.30132342220053476
4740,0.4714328774700087
4741,0.18253236032068015
4742,0.3736672960284267
4743,0.7539444700281321
4744,0.1555059437454693
4745,0.502514238815568
4746,0.3977390428531655
4747,0.12418712259358441
4748,0.7314915483222453
4749,0.07079005029776078
4750,0.6717897021317804
4751,0.07559211626106653
4752,0.6766647837501784
4753,0.5347282366911713
4754,0.3676486738732387
4755,0.6941312517134859
4756,0.27545145655656167
4757,0.13364692601151276
4758,0.7224229862838052
4759,0.43633525688291325
4760,0.35448543113377223
4761,0.5651957390328082
4762,0.625180687173561
4763,0.12142528220504503
4764,0.5622519252621142
4765,0.1413210965848956
4766,0.6404964629608212
4767,0.616962036007812
4768,0.33053700608580316
4769,0.2845325000754276
4770,0.17279905636423468
4771,0.6587893882711743
4772,0.23849779792422166
4773,0.2581987237591052
4774,0.2874965582861615
4775,0.3508489024025988
4776,0.10718685189531062
4777,0.65382225751607
4778,0.35341266509673874
4779,0.15988279103150763
4780,0.5600860346754222
4781,0.5044956110656859
4782,0.2358171767363335
4783,0.508373853249462
4784,0.10324100583016814
4785,0.23904854643037118
4786,0.34563436473336373
4787,0.4351290801025721
4788,0.44581328888185817
4789,0.5759493001105734
4790,0.46799430731603997
4791,0.5877591963717077
4792,0.4956918319004002
4793,0.35094608692265417
4794,0.3299817979307735
4795,0.10298124397889089
4796,0.15786040537791896
4797,0.5110310442088982
4798,0.24682522663709416
4799,0.19787241356681806
4800,0.549373052166529
4801,0.3316534067940622
4802,0.24311804761617598
4803,0.1062065826346545
4804,0.23455443876020296
4805,0.5088689016300041
4806,0.1379699403574983
4807,0.6979460744504603
4808,0.4269154445555498
4809,0.46654818100015966
4810,0.6823931234466669
4811,0.1315897335647863
4812,0.1367451455311857
4813,0.24699460553341845
4814,0.3576924170096538
4815,0.523023557511412
4816,0.11944092143139322
4817,0.545103630017622
4818,0.30944785295187305
4819,0.30379181753996976
4820,0.5585250986553166
4821,0.3237770615250922
4822,0.08067618702460506
4823,0.2744123555310968
4824,0.4836047457878816
4825,0.08854296782072368
4826,0.22367965311830737
4827,0.13889617306636004
4828,0.14145445073675145
4829,0.6628449736121753
4830,0.3154413665195547
4831,0.10659186668221968
4832,0.1683041025462815
4833,0.3488311143917771
4834,0.3346870138948701
4835,0.34667860859180705
4836,0.7177491082843885
4837,0.2742199896383182
4838,0.7267066084000606
4839,0.3212652842394756
4840,0.27526506518245547
4841,0.6149565664894693
4842,0.6758443427805698
4843,0.6689480657676525
4844,0.613808321311081
4845,0.5233544625826511
4846,0.27071528609536655
4847,0.5827291256465524
4848,0.5822959141092809
4849,0.6494270547456872
4850,0.5437881854550491
4851,0.18032205041859284
4852,0.4472788036663138
4853,0.5198590704250332
4854,0.589627697044197
4855,0.3034922597860843
4856,0.32153025504895244
4857,0.3691358174672429
4858,0.6864834963130955
4859,0.5462508215533095
4860,0.5773761548195772
4861,0.6238641805432606
4862,0.5536207133702616
4863,0.1980818200294141
4864,0.5713453526000382
4865,0.2671142755714569
4866,0.20928194620689725
4867,0.3113043855401561
4868,0.40755221756894944
4869,0.19790065169660268
4870,0.12382435217368569
4871,0.3212452320389459
4872,0.18290061746505729
4873,0.1079217196473816
4874,0.8080555189074665
4875,0.29764531764878266
4876,0.745101331496079
4877,0.7318749648540468
4878,0.5076814755405805
4879,0.7535217238324563
4880,0.17637032826988738
4881,0.6913975900397794
4882,0.6221780677165566
4883,0.596358508013255
4884,0.4699997036860789
4885,0.2977463546113885
4886,0.5820767161598409
4887,0.17100001274861304
4888,0.3312739512566924
4889,0.2927669812268626
4890,0.2582371467630473
4891,0.44200853412207286
4892,0.5718647485311644
4893,0.7267818182009887
4894,0.4497952468136302
4895,0.1989593073096893
4896,0.3669817605396174
4897,0.7505072560368746
4898,0.16358022927387111
4899,0.21580979404410888
4900,0.8202458067107022
4901,0.3903122820443399
4902,0.6081668974965163
4903,0.23622806350214892
4904,0.5439841607254698
4905,0.8204716607655966
4906,0.7313315150932342
4907,0.5312914987890125
4908,0.5549666288826671
4909,0.5082830066388782
4910,0.17200438402905932
4911,0.6198740295002964
4912,0.5809944188304389
4913,0.5256692730604758
4914,0.455453784611295
4915,0.22143169605712107
4916,0.349515342278035
4917,0.09041826643551291
4918,0.5001650080804967
4919,0.5894533733387777
4920,0.5627943461925475
4921,0.7535776912105611
4922,0.3901323385650849
4923,0.34116269328433557
4924,0.10905694465330448
4925,0.5477110445761
4926,0.19584041467581048
4927,0.33103950475918414
4928,0.17754036750738042
4929,0.21040900450018746
4930,0.44216965019275023
4931,0.6923963944540493
4932,0.14136862902243572
4933,0.15432329131939135
4934,0.3246969648887665
4935,0.18664963610925842
4936,0.12389500272934534
4937,0.15019108359270872
4938,0.15487941531397706
4939,0.12877190334407068
4940,0.36383954617264136
4941,0.3344644081104968
4942,0.19908346395110305
4943,0.3013757117544835
4944,0.33475774430082644
4945,0.49158428733528126
4946,0.2957319205628263
4947,0.06832265649219546
4948,0.4480084934713104
4949,0.3142959441835914
4950,0.6279378138957619
4951,0.5982464094973459
4952,0.17771339340948844
4953,0.07346510233595338
4954,0.3385152935616283
4955,0.4330712480763408
4956,0.6502920773878117
4957,0.1660891768670707
4958,0.2497453074909072
4959,0.546455408569199
4960,0.040819105445922245
4961,0.17153101552605132
4962,0.5491351408374974
4963,0.5150137713747529
4964,0.8065323703065969
4965,0.5502428044687883
4966,0.565556368200166
4967,0.5556706056697551
4968,0.14929265772218656
4969,0.5263465742888486
4970,0.07655388609508246
4971,0.2790088387415952
4972,0.3123294927379064
4973,0.3295536985326212
4974,0.6075965957013792
4975,0.3196725054457003
4976,0.4812066684674841
4977,0.03070746068614818
4978,0.162556478337875
4979,0.2860088646795203
4980,0.13501914695682177
4981,0.32173508985306015
4982,0.1678653556043608
4983,0.7110010710892555
4984,0.5228217833922721
4985,0.23728366286699143
4986,0.42073302842302096
4987,0.6725752211411814
4988,0.5429466740560164
4989,0.31884750796137185
4990,0.21494247032830388
4991,0.2714339787293672
4992,0.2969076301380827
4993,0.07094488932012674
4994,0.46835318154164146
4995,0.5922512837398416
4996,0.45909500168483225
4997,0.5539311494247932
4998,0.11271739300175246
4999,0.2875896660907454
5000,0.4876469343278058
5001,0.4740471799539791
5002,0.4864613625720324
5003,0.26927615441655967
5004,0.5021609831663116
5005,0.09099029544661218
5006,0.4784154476338735
5007,0.5057226970095645
5008,0.2783530744120167
5009,0.8099626598123909
5010,0.4433902146344377
5011,0.7283767715624425
5012,0.26197472222556306
5013,0.5569827477364632
5014,0.3810762562201972
5015,0.19214466482012219
5016,0.5968526967660507
5017,0.23783193989841456
5018,0.20763095620639826
5019,0.13391341688729103
5020,0.26558384240357474
5021,0.31655815144499766
5022,0.5405267986634698
5023,0.4430405708437784
5024,0.23845422664084925
5025,0.4642923666071432
5026,0.6142894934960227
5027,0.3913395159602304
5028,0.2685000385241703
5029,0.3447567689650394
5030,0.2656636759168693
5031,0.41324387313547684
5032,0.6383723586927583
5033,0.23359947370571746
5034,0.46353558197504413
5035,0.13058509430055365
5036,0.323355834755123
5037,0.4595824958069415
5038,0.179861989033397
5039,0.24812385331611064
5040,0.21915733636954496
5041,0.5650600579059277
5042,0.057498229447180346
5043,0.2652838587842564
5044,0.5150459809500701
5045,0.7271851240719547
5046,0.05362915951118311
5047,0.2775131491421029
5048,0.4000725399749943
5049,0.5624304230479505
5050,0.25064704882701555
5051,0.35047231496269654
5052,0.7220638478479763
5053,0.6675921868087739
5054,0.4844245412340922
5055,0.5750466311201851
5056,0.4619388266701538
5057,0.5556312265877358
5058,0.28683926910458657
5059,0.4320450834113016
5060,0.2787031453273716
5061,0.1068568380176938
5062,0.28416042415581233
5063,0.5916582040546223
5064,0.19915565298550206
5065,0.5364383562837091
5066,0.10130254509786255
5067,0.08676729919434069
5068,0.1390195186343679
5069,0.42130566763764954
5070,0.596125589541823
5071,0.5445545651354242
5072,0.5331394822746506
5073,0.4575194082920807
5074,0.09228962370835518
5075,0.4717775163354562
5076,0.6150904349735613
5077,0.2830422490295072
5078,0.2654117155801427
5079,0.5087999292958305
5080,0.06465632142186274
5081,0.4965631497759694
5082,0.34396153295985715
5083,0.11684181234249474
5084,0.23457024582196345
5085,0.22243668171584824
5086,0.11651665471636974
5087,0.09488608689449946
5088,0.2586393742812128
5089,0.4623018003812393
5090,0.2974407017406617
5091,0.5125106447034575
5092,0.24356713071125893
5093,0.35735126838882864
5094,0.4937502687757756
5095,0.8135384068201024
5096,0.4775979184126585
5097,0.3454155056259855
5098,0.5421011793697873
5099,0.09978270521917466
5100,0.5154608382343387
5101,0.2048333897248897
5102,0.1106252997850101
5103,0.06300237478247593
5104,0.2774143680245829
5105,0.35262188244770665
5106,0.6010809448278513
5107,0.5376212166593927
5108,0.6544749281069923
5109,0.577873607779255
5110,0.4926174223683774
5111,0.5019117139565904
5112,0.29355900029889365
5113,0.6119902056990436
5114,0.18197087740276888
5115,0.7290634303589366
5116,0.1059075530486379
5117,0.2531663297311518
5118,0.20708222819577496
5119,0.27379040676615546
5120,0.4118388417803139
5121,0.7405943266773373
5122,0.4198731986510374
5123,0.4913513327281149
5124,0.5795202200630886
5125,0.2202706224592007
5126,0.2118427836512808
5127,0.30714421495025257
5128,0.5735625546454972
5129,0.05436029427402349
5130,0.21643247052717995
5131,0.14550244197853363
5132,0.10078501875931985
5133,0.5697933392652407
5134,0.39260854360615394
5135,0.4193807455741925
5136,0.40028556404786153
5137,0.6068560707617414
5138,0.20823350150316441
5139,0.24276796899894998
5140,0.30028780401131944
5141,0.495020125633558
5142,0.5846848686542998
5143,0.154387028234984
5144,0.3010119816692451
5145,0.06191513815468748
5146,0.2514929896048637
5147,0.703785124518232
5148,0.6614478415586114
5149,0.6751483467692443
5150,0.3826627379610443
5151,0.624854802243248
5152,0.3776044778441841
5153,0.11513245036408294
5154,0.6186102851126486
5155,0.3456882711914214
5156,0.15940521647554864
5157,0.5759487643061597
5158,0.2226277833457724
5159,0.3439921559849536
5160,0.28495765354978014
5161,0.12377524150869458
5162,0.30550597202891594
5163,0.3697673131673974
5164,0.13517914464563915
5165,0.25108314974383544
5166,0.4783217550296089
5167,0.3305816607631698
5168,0.12575610365271475
5169,0.615618654013528
5170,0.2838405195417264
5171,0.2975276958904447
5172,0.11534403068389226
5173,0.3801530574114763
5174,0.3136510485310224
5175,0.6818543678635214
5176,0.6887666760751228
5177,0.2573496479999412
5178,0.4476278386645839
5179,0.641831354003149
5180,0.08454596322001333
5181,0.5984927418990917
5182,0.47454384276981904
5183,0.12194567191639188
5184,0.5143048558893402
5185,0.06124179182317593
5186,0.41588993966277704
5187,0.32012840176406615
5188,0.33643716205550744
5189,0.30425968794594377
5190,0.27711841657315006
5191,0.371821919604224
5192,0.6666802453279396
5193,0.49260131198080975
5194,0.5118657853874942
5195,0.27270677074750616
5196,0.1377393570119598
5197,0.21896184936545243
5198,0.3766043343805568
5199,0.39161573432569324
5200,0.7392600691039749
5201,0.24706017348279832
5202,0.0643067872134096
5203,0.2888266714708112
5204,0.48614931815454554
5205,0.14520070926515313
5206,0.2595793227953373
5207,0.11763573099704899
5208,0.47199134575633656
5209,0.581460567543471
5210,0.10678724918115187
5211,0.576904151050807
5212,0.3760967595959445
5213,0.2242204133625649
5214,0.4172216647035138
5215,0.6661203414535483
5216,0.6586711339230532
5217,0.2839482631574345
5218,0.22618749452192405
5219,0.2940954197511367
5220,0.6750473173342366
5221,0.5729388297683219
5222,0.6155162485432129
5223,0.5210917873053897
5224,0.14408838638567653
5225,0.4290360256711667
5226,0.5945748528814037
5227,0.07952061763118957
5228,0.39792005512316925
5229,0.58791157245993
5230,0.2701598092872512
5231,0.23588281097142433
5232,0.2755686361191961
5233,0.32381554110066335
5234,0.22505394301874895
5235,0.5052654526374104
5236,0.19852687833453989
5237,0.4242057638235568
5238,0.5207690412224484
5239,0.04310054653675578
5240,0.060318339386949436
5241,0.5409491467695288
5242,0.4192732306820698
5243,0.29845924485129
5244,0.1347034565133701
5245,0.09115765809572876
5246,0.4713255378331268
5247,0.6068694845730584
5248,0.7404058784850557
5249,0.21264381804122762
5250,0.4242685433252766
5251,0.46875265631552343
5252,0.19884559333041923
5253,0.23693663091463102
5254,0.3347345999123116
5255,0.21583323859185294
5256,0.1474901736110097
5257,0.5949263520722052
5258,0.5868508471956219
5259,0.0863028366918544
5260,0.17603636258980795
5261,0.6272793225003657
5262,0.08107458063391776
5263,0.1342852618899317
5264,0.6960469712678102
5265,0.7284482009691363
5266,0.22292429882310189
5267,0.2859858432173243
5268,0.4706347009876892
5269,0.08061904557406481
5270,0.3053218136996751
5271,0.46191386165718396
5272,0.6181254416893491
5273,0.2647039417104008
5274,0.09251042293072614
5275,0.7552549335876738
5276,0.11168212313140706
5277,0.35445154523018413
5278,0.4879011442488545
5279,0.46705489266977457
5280,0.26426955341483066
5281,0.25494237640493034
5282,0.13047077366899432
5283,0.18867818484943863
5284,0.28313260591978257
5285,0.3965567656323137
5286,0.5015054863020371
5287,0.6584052066689876
5288,0.28527303125651426
5289,0.5536916880964448
5290,0.21780819677702248
5291,0.3622744088321689
5292,0.07736343621728689
5293,0.6999682794862243
5294,0.696827478449795
5295,0.37217251490276015
5296,0.4108367761384597
5297,0.6654696505501063
5298,0.47103428121985685
5299,0.40076791168385173
5300,0.10964323852209622
5301,0.3408888413594514
5302,0.27182315768456367
5303,0.6091803366306463
5304,0.32915211364529484
5305,0.13049141286190355
5306,0.36181025916759435
5307,0.29113314683665803
5308,0.5889699829845597
5309,0.15953848906966908
5310,0.10625524464685147
5311,0.6093569172603257
5312,0.1360495281321544
5313,0.15384574482237648
5314,0.6232484951178252
5315,0.5064144387563825
5316,0.24092097433970594
5317,0.21322166149687669
5318,0.5710910511110724
5319,0.31675936002144617
5320,0.15342493843068838
5321,0.3764474962061418
5322,0.24037247876350498
5323,0.5778266169875849
5324,0.20371605180941796
5325,0.35602397240755335
5326,0.6950829275924482
5327,0.5931896773130103
5328,0.23395607470183888
5329,0.7050495073687901
5330,0.1669060512118323
5331,0.058296830875719505
5332,0.2682676081038229
5333,0.42064913435598533
5334,0.5781954924469238
5335,0.26558307430841965
5336,0.5918454793353538
5337,0.5624509749956202
5338,0.15022056159632244
5339,0.18265468184235167
5340,0.06831018182221538
5341,0.05975293263794939
5342,0.6107403594571301
5343,0.3010022794870165
5344,0.6411246733020888
5345,0.4357197446650368
5346,0.31384038234962985
5347,0.44154328180584657
5348,0.12153317362069782
5349,0.3843271666328014
5350,0.1753987155802156
5351,0.34248825129418276
5352,0.44452553273773293
5353,0.42784984433540324
5354,0.623172023778325
5355,0.7300351565136901
5356,0.6318367114541538
5357,0.5881350532441495
5358,0.149542165613976
5359,0.28148184933625175
5360,0.6549114673039232
5361,0.5533835869927606
5362,0.2766222910504394
5363,0.48813626140722904
5364,0.42319575476551674
5365,0.5324608482095421
5366,0.692322066562844
5367,0.6998238666345326
5368,0.5418103029712008
5369,0.10939795173963657
5370,0.247495466055424
5371,0.1677578485349971
5372,0.28165115128456836
5373,0.2416646226788916
5374,0.2111625564946212
5375,0.31418073250986794
5376,0.7770003512599188
5377,0.5734931670542862
5378,0.14172518772088621
5379,0.09681883881567126
5380,0.7015216953595802
5381,0.45053827390224177
5382,0.23014808011868956
5383,0.286643121535284
5384,0.7363056979952225
5385,0.049192882021861624
5386,0.14510930092208127
5387,0.7728915763150036
5388,0.10265374981016784
5389,0.5928470114502494
5390,0.7853875941410086
5391,0.221754188072724
5392,0.3429957550832614
5393,0.09008237345570773
5394,0.28767819015446944
5395,0.16989432740559804
5396,0.37829188103785066
5397,0.10765736759639906
5398,0.13571061642150695
5399,0.049726807557250625
5400,0.23135717138871797
5401,0.5479448110589293
5402,0.23342170630566852
5403,0.10381170235407615
5404,0.461902675612457
5405,0.061913077998499585
5406,0.1433586772804452
5407,0.5078745328483342
5408,0.08340233618434674
5409,0.6418870910246308
5410,0.5404567538158567
5411,0.23721784890117095
5412,0.4430726473386983
5413,0.0959782905329145
5414,0.09822194179672357
5415,0.3936211882973848
5416,0.5178194815164752
5417,0.26447413576555356
5418,0.2240076571915888
5419,0.1721424633861714
5420,0.7310436310879438
5421,0.113652285564371
5422,0.29067735876210077
5423,0.15325258402356745
5424,0.7200027893893748
5425,0.12007481630280895
5426,0.4370712895132318
5427,0.40652365583176764
5428,0.11323718675500469
5429,0.6661235114354002
5430,0.17331305370489544
5431,0.6317793116401772
5432,0.07185124875402646
5433,0.5548399871096082
5434,0.187885648906983
5435,0.043596478585139806
5436,0.17136174572831891
5437,0.7508284428301281
5438,0.525293348108556
5439,0.5811954718555967
5440,0.696394186436891
5441,0.11001374401968962
5442,0.5817510497331214
5443,0.47655912930828365
5444,0.34627192472343665
5445,0.11094806764864175
5446,0.1265578150098234
5447,0.4766570825397453
5448,0.6557856138573949
5449,0.5494033703622867
5450,0.5700327404512556
5451,0.45409472330299905
5452,0.1556996245280273
5453,0.31101450562877014
5454,0.6279575239781165
5455,0.1380519419053272
5456,0.4978634955017544
5457,0.11689539164240795
5458,0.2836527081076177
5459,0.6030168465634493
5460,0.5851388353419505
5461,0.455710709725164
5462,0.7813174324580445
5463,0.6222370425139936
5464,0.07297811591893916
5465,0.09110700543761474
5466,0.6670974116316686
5467,0.10638743985848235
5468,0.6775341807923206
5469,0.4058034190948252
5470,0.24707618571731946
5471,0.6568254387317267
5472,0.39338153572566775
5473,0.34834477332991537
5474,0.12475469029979039
5475,0.07594219639320549
5476,0.5533221980533097
5477,0.17436825764634448
5478,0.6821229481656756
5479,0.04902049802138438
5480,0.2188980452499478
5481,0.2904700860560002
5482,0.4627388534049629
5483,0.16491962396011867
5484,0.19867340733390115
5485,0.27723235000000884
5486,0.06310310350632928
5487,0.23075303030719232
5488,0.730706923041963
5489,0.3069394448199681
5490,0.23816172945701677
5491,0.512712772154523
5492,0.170690437193606
5493,0.108888550112975
5494,0.3383230248327888
5495,0.6350910587555262
5496,0.5468462973425257
5497,0.5077588730792019
5498,0.37066350624925626
5499,0.2917737315942741
5500,0.1606182536430331
5501,0.48840110088705146
5502,0.49636395147146756
5503,0.09001875851280201
5504,0.3273538323474417
5505,0.5619011654806599
5506,0.24663232322125747
5507,0.46495442945479737
5508,0.481504738998532
5509,0.2710909080381948
5510,0.4573205613344562
5511,0.6161615167740279
5512,0.34142718378583836
5513,0.5405197781557184
5514,0.26108893147405726
5515,0.5548549273229836
5516,0.18378376172035446
5517,0.4924443894045566
5518,0.7125050509111096
5519,0.3269851357421553
5520,0.6505259248257861
5521,0.15559173796053982
5522,0.3062128641180175
5523,0.5907661192987701
5524,0.09081703460388785
5525,0.5812324377918703
5526,0.6819977067415391
5527,0.10610624924015401
5528,0.502996724581181
5529,0.41335827342078674
5530,0.2121494454220688
5531,0.26038700843799945
5532,0.4519008215513836
5533,0.42515920509825333
5534,0.09486367443918577
5535,0.03562965514459332
5536,0.6998258411577469
5537,0.22630697591381135
5538,0.4474650667870165
5539,0.4692695521508987
5540,0.5277945505826638
5541,0.4354354703052363
5542,0.7524973058746517
5543,0.1473528166602847
5544,0.33716414800455324
5545,0.2607529569383666
5546,0.15713314822616328
5547,0.17915029590744566
5548,0.1239192726965578
5549,0.17767685488612148
5550,0.06172382211813151
5551,0.28750344803559064
5552,0.5049213317377418
5553,0.45269293406736577
5554,0.5283632574967355
5555,0.24817201794708124
5556,0.15496787515061494
5557,0.5843859372125209
5558,0.35709999950198884
5559,0.5490853801301462
5560,0.2238243400939444
5561,0.7887518708375794
5562,0.4753559413606807
5563,0.20896742909973975
5564,0.5750920935025371
5565,0.3267003313635623
5566,0.4263869876980417
5567,0.4289067978070924
5568,0.21724430831548142
5569,0.5072140622749336
5570,0.6867464185488079
5571,0.6105055897871439
5572,0.20408830764860658
5573,0.6297045047975036
5574,0.24396068612918625
5575,0.4459777180607359
5576,0.17873822657638883
5577,0.7343392390180749
5578,0.34614854255317756
5579,0.6939340155559083
5580,0.4700967222588736
5581,0.09626326233438766
5582,0.6582187501428752
5583,0.2299678810713844
5584,0.40008850392303935
5585,0.6896406074279743
5586,0.1484506813274629
5587,0.5697820521037608
5588,0.3846065224144998
5589,0.5955688584833355
5590,0.38366077808685395
5591,0.5026980513958667
5592,0.5244683122690533
5593,0.3179264554699487
5594,0.11898581688191247
5595,0.7273599889100567
5596,0.2516165458155937
5597,0.4635418040298281
5598,0.2821629910538906
5599,0.39188346009460573
5600,0.24720666446119294
5601,0.5717007433591976
5602,0.22078495878896495
5603,0.6449923440540029
5604,0.6461240991236229
5605,0.575707130607147
5606,0.7277353379811825
5607,0.15843797973089593
5608,0.3481717238908253
5609,0.6004739563197884
5610,0.5811961375481448
5611,0.11891875102352849
5612,0.22142789665830054
5613,0.10125021773214797
5614,0.5882517201314145
5615,0.14997837949245568
5616,0.69092617503719
5617,0.19671284156413762
5618,0.28000602972464494
5619,0.45271250549505215
5620,0.2702277088734439
5621,0.4170877449872252
5622,0.31056838272289566
5623,0.292556814835529
5624,0.14328690721208193
5625,0.5196753903814941
5626,0.3272194098621505
5627,0.24796541857878474
5628,0.31380037802148963
5629,0.1931484652784994
5630,0.24170434701716795
5631,0.38001774513754516
5632,0.3334179636067847
5633,0.11379244496795919
5634,0.3433114703644645
5635,0.14520539891650075
5636,0.5260393923310606
5637,0.16228787744297307
5638,0.7458058424938593
5639,0.14263684616904196
5640,0.28507476305912655
5641,0.30512004472996407
5642,0.23298430389055574
5643,0.13658468122945405
5644,0.7086120605427264
5645,0.17147487296598532
5646,0.27434965149735197
5647,0.5339762157392632
5648,0.2563259809367281
5649,0.3791170776106206
5650,0.16048878659209326
5651,0.2344452820912278
5652,0.30858196500283497
5653,0.3126834668923306
5654,0.5187713818972314
5655,0.6778236277155889
5656,0.26465310072509113
5657,0.20110163847793774
5658,0.11979702893614086
5659,0.6296671123278943
5660,0.07395266490157551
5661,0.11316504455873816
5662,0.5594538879449822
5663,0.5609713796366284
5664,0.46938491293206025
5665,0.19521299107811768
5666,0.530708571707805
5667,0.7781577226759375
5668,0.5562349358121229
5669,0.10677833579374062
5670,0.0973702866433299
5671,0.28085968576090986
5672,0.2854123708942325
5673,0.12956053271261928
5674,0.20380931105120598
5675,0.2078622617326972
5676,0.2482579377517893
5677,0.3486001278945897
5678,0.5874582335687404
5679,0.623863787213002
5680,0.3551068702034958
5681,0.08134647225480393
5682,0.11305351759822169
5683,0.2947414025101687
5684,0.5653929635132086
5685,0.3519570063957921
5686,0.4085624559556974
5687,0.6395673475000964
5688,0.4121324545426017
5689,0.5913538179255412
5690,0.46677367925407853
5691,0.26362522969635344
5692,0.5962319386621884
5693,0.653929321964586
5694,0.12308846116300202
5695,0.7791570737143856
5696,0.5022019658088195
5697,0.4941454796288623
5698,0.5410970700420409
5699,0.1678194802013106
5700,0.5452968492327495
5701,0.1900659022545224
5702,0.5698841674177456
5703,0.7517598657507458
5704,0.06593227284285111
5705,0.3457571161560314
5706,0.4506814087507047
5707,0.18575199805361767
5708,0.4912322342079955
5709,0.7930516214235979
5710,0.49264830018692835
5711,0.2920871373532038
5712,0.21791943949138476
5713,0.27193169296096203
5714,0.2335696618327124
5715,0.5842660927404483
5716,0.3327601682689034
5717,0.16071844606046354
5718,0.10388637286806439
5719,0.5239132144388499
5720,0.09610751867774898
5721,0.4146503870586619
5722,0.14863852185700094
5723,0.1520795625690214
5724,0.1405014488677484
5725,0.15615624006527778
5726,0.04392219967893261
5727,0.09671936274365725
5728,0.1641913799740828
5729,0.1315897817784203
5730,0.11031345288200457
5731,0.2835819182029586
5732,0.6116346326078866
5733,0.6955457877896007
5734,0.6129851113949231
5735,0.23098678600780867
5736,0.6016457765400492
5737,0.6264102256273905
5738,0.14538575291327083
5739,0.35441890888513555
5740,0.3992027484120444
5741,0.4134530959199312
5742,0.277723349294883
5743,0.37827330135871473
5744,0.13201436232182967
5745,0.33455907560122056
5746,0.11588944033038119
5747,0.15720186191597385
5748,0.22838868084076272
5749,0.17315345598440493
5750,0.11984610242438348
5751,0.4529815262323861
5752,0.22960265324473186
5753,0.5891914603786362
5754,0.7071571199326118
5755,0.25616265924895626
5756,0.18347314214776503
5757,0.5864818578596934
5758,0.5538801177226716
5759,0.6006348718405342
5760,0.19685848442170592
5761,0.4732383888157623
5762,0.6772560370739165
5763,0.15071532028069637
5764,0.1234882059044809
5765,0.24568709473944242
5766,0.19109486196199926
5767,0.12287944405914834
5768,0.2553188522710363
5769,0.47466163144581724
5770,0.6570308728267945
5771,0.4911031108223848
5772,0.33293150222535617
5773,0.2507348150639511
5774,0.28999304532756637
5775,0.6668852912579255
5776,0.4964287990295773
5777,0.6062456146100246
5778,0.4446188345527561
5779,0.5885708783027169
5780,0.5195883915691266
5781,0.3581034096047847
5782,0.6011618321055925
5783,0.6687794402539652
5784,0.06557285085460515
5785,0.3168472290441788
5786,0.27939655998701113
5787,0.3622722361145352
5788,0.3723362026821792
5789,0.09345775400215539
5790,0.1465324875032893
5791,0.12499596350290981
5792,0.1627154776212039
5793,0.47667348359122463
5794,0.6515598069941037
5795,0.4732509442209608
5796,0.49683053196307975
5797,0.4125722232590824
5798,0.26910704562881005
5799,0.6020191892380277
5800,0.12871918992633785
5801,0.08954089626156732
5802,0.27792132211689746
5803,0.20929972440479802
5804,0.43091629956237104
5805,0.6050681462106792
5806,0.16610227530262803
5807,0.6795770231893667
5808,0.5582711654513789
5809,0.4316211226380254
5810,0.16063434762775852
5811,0.19187042425174528
5812,0.7637436052603009
5813,0.29742534299996937
5814,0.42387743345698287
5815,0.3049896502841503
5816,0.24745460861840154
5817,0.31848508773283374
5818,0.5022427513153311
5819,0.444806662191103
5820,0.5971003265276235
5821,0.3246390790278825
5822,0.6115319700424529
5823,0.06654628355390985
5824,0.1478122374823554
5825,0.1771382915166857
5826,0.4973147610463037
5827,0.585038951325276
5828,0.22093487733986536
5829,0.09024123490488209
5830,0.6614893298900245
5831,0.7976234706626951
5832,0.21618421898507154
5833,0.497658035931432
5834,0.6352884163177431
5835,0.3614117219885341
5836,0.7497931672654158
5837,0.18215312347962562
5838,0.7163807930328276
5839,0.44469783433814897
5840,0.5415633187344939
5841,0.7408768590544452
5842,0.3931592665942749
5843,0.2858743371811608
5844,0.165930660208988
5845,0.401484134314451
5846,0.37386069155613433
5847,0.1696744953229869
5848,0.3664347552205823
5849,0.21516315890885268
5850,0.4690795428132514
5851,0.34682068675674416
5852,0.34255781444537253
5853,0.327053175188083
5854,0.4249224153736132
5855,0.49392336420628224
5856,0.16027430049734373
5857,0.16731258898081716
5858,0.09558666030542114
5859,0.5739495061212183
5860,0.42080069054624364
5861,0.4029010366753246
5862,0.12567381731695598
5863,0.22742965439020613
5864,0.6018636606391919
5865,0.11953876155360818
5866,0.8120928118253877
5867,0.12165480607441599
5868,0.37200704139699525
5869,0.6352107105704232
5870,0.3164136182625895
5871,0.63149546134131
5872,0.42170207702359475
5873,0.22436437459704456
5874,0.28344160480906944
5875,0.1613952711125792
5876,0.5627115019759888
5877,0.6550395980058044
5878,0.33952020855851833
5879,0.27981194099225204
5880,0.6346604998295563
5881,0.6373599049805286
5882,0.5512830922692353
5883,0.2702372694287635
5884,0.15813852334286854
5885,0.2277513483975686
5886,0.4862494260414207
5887,0.7732063737167458
5888,0.13484696170638452
5889,0.7368247123658924
5890,0.35654855141418396
5891,0.640098961189017
5892,0.3746559835233717
5893,0.654938831498225
5894,0.6244425632191344
5895,0.43104586837737663
5896,0.40625223789531295
5897,0.2882516117390389
5898,0.07260322323589591
5899,0.12329682427957411
5900,0.132608036578964
5901,0.44284178154858334
5902,0.09880678341633096
5903,0.575286584872545
5904,0.21482045272561592
5905,0.5975010486391698
5906,0.37148841252179177
5907,0.6004433974148371
5908,0.3574535821744496
5909,0.15119880303727887
5910,0.308697536160969
5911,0.27459307490846435
5912,0.5481935365309312
5913,0.33183841556076177
5914,0.06471118242537091
5915,0.48979589878733243
5916,0.2779688407812845
5917,0.49624469017703987
5918,0.7265086861259886
5919,0.5952083657757076
5920,0.23128207283064003
5921,0.14604789613789979
5922,0.37926148797121645
5923,0.474149137493464
5924,0.44169252945351756
5925,0.06157761409702134
5926,0.4302040478462278
5927,0.61741458332643
5928,0.18485137928974663
5929,0.17751548197017245
5930,0.4600023682201344
5931,0.08351457028335399
5932,0.4860800277007812
5933,0.137187241296623
5934,0.5882932645207141
5935,0.764568767659142
5936,0.545495646744975
5937,0.6494028378820048
5938,0.41304815088443014
5939,0.31464268887955354
5940,0.17557867013868644
5941,0.280160209721047
5942,0.35421515977426427
5943,0.5727291261364724
5944,0.09815606009145224
5945,0.0571214284352985
5946,0.1834901105301946
5947,0.29598671842115054
5948,0.6063497170523242
5949,0.1428743276109463
5950,0.66686356773601
5951,0.5779383279994308
5952,0.5608160051984021
5953,0.15081308029383048
5954,0.13221742296752642
5955,0.5843526870041637
5956,0.5475968538642444
5957,0.4522270991735254
5958,0.48454874985495733
5959,0.16478170428094502
5960,0.663626417425399
5961,0.7240995434909395
5962,0.5962587583889578
5963,0.5424375102534224
5964,0.4822784961177438
5965,0.2653290073100412
5966,0.7418336454364459
5967,0.7183901161790007
5968,0.6014007868930069
5969,0.6360806068650328
5970,0.12873629832814812
5971,0.5003967170447602
5972,0.12291991867482578
5973,0.24230683484850193
5974,0.6604745462558677
5975,0.738517283704415
5976,0.35532690424483643
5977,0.5723585715128247
5978,0.39615390552879914
5979,0.7627432030201903
5980,0.41472967598878074
5981,0.566311167008481
